image_id,image_path,resnet18_raw,resnet18_confidence,resnet18_normalized,vgg16_raw,vgg16_confidence,vgg16_normalized,resnet50_raw,resnet50_confidence,resnet50_normalized,ensemble_score
4_25,data/raw/4_25.png,83.02236795425415,56.7382393988061,0.7240275124332389,88.76935839653015,44.41307724912538,0.7561695495859467,85.30784249305725,39.59341230826314,0.709350899771348,0.7298493205968445
4_27,data/raw/4_27.png,89.06731605529785,78.02652222866907,0.8222885278776757,76.73127055168152,43.34244839218255,0.4793862751864289,84.49984192848206,49.123229783419404,0.6933665464204499,0.6650137831615182
4_28,data/raw/4_28.png,91.83104038238524,45.76976393014017,0.8672130424059662,94.02494430541992,79.78807825190164,0.877007534446886,89.94110822677612,69.75082676838498,0.8010089504006906,0.8484098424178476
5_0,data/raw/5_0.png,79.004567861557,45.93371922607201,0.6587179166580477,90.10721445083618,88.31372635993547,0.7869299314803603,92.60346293449402,72.37997243110951,0.8536772531957063,0.7664417004447048
5_11,data/raw/5_11.png,82.45583772659302,71.14453504055363,0.7148185275884659,82.32659101486206,56.70759493759552,0.6080355373511386,80.68041205406189,69.61730346508732,0.6178082864533844,0.6468874504643295
5_14,data/raw/5_14.png,62.9132866859436,42.59139115537217,0.397153118799034,71.03362083435059,59.95744892741841,0.3483842285599639,90.48187136650084,35.54406505170834,0.8117066522136163,0.5190813331908714
5_18,data/raw/5_18.png,89.71951603889465,67.48397191017587,0.8328900800481571,83.2925021648407,77.93980266287278,0.6302440520517931,83.95091891288757,74.37281920506959,0.6825074210331852,0.7152138510443784
5_2,data/raw/5_2.png,100.0,54.133835237843925,1.0,88.75963687896729,81.89805159261662,0.7559460295802894,99.22930002212524,61.22871239381479,0.9847535492993669,0.9135665262932188
5_20,data/raw/5_20.png,77.6341199874878,74.68676682827463,0.6364411993945098,81.40894174575806,72.63584159065833,0.5869366740826156,72.23934531211853,59.47550993656386,0.45082202508527064,0.558066632854132
5_22,data/raw/5_22.png,86.08989715576172,66.96624739796114,0.7738903944972808,85.52011847496033,82.32282659606925,0.6814620647766733,76.44256949424744,66.23283332342541,0.533972734980518,0.663108398084824
5_24,data/raw/5_24.png,93.14497709274292,61.50763199378242,0.8885711671129719,88.0408763885498,74.15754533197111,0.7394200759063524,84.14424657821655,58.30576919974058,0.6863319452360207,0.7714410627517817
5_26,data/raw/5_26.png,79.81473207473755,69.81870388353751,0.6718871874165706,82.33393430709839,52.75208340699366,0.6082043764970427,84.91185307502747,62.582579339760564,0.7015171988328687,0.6605362542488273
5_27,data/raw/5_27.png,81.94776773452759,77.44627577338262,0.7065598175875353,82.79975056648254,45.5768986252646,0.6189145616362925,73.00618290901184,63.80448493410923,0.4659920678412934,0.5971554823550403
5_28,data/raw/5_28.png,82.5059175491333,66.62173914350201,0.7156325782856482,86.83773279190063,52.90913463103961,0.7117570426617601,87.59306073188782,72.19566182073477,0.7545584620118388,0.7273160276530825
5_29,data/raw/5_29.png,91.80445075035097,43.85691992797174,0.8667808262478935,89.2501175403595,87.45063610828174,0.7672233059417402,75.69984793663025,33.867392987523985,0.519279770224331,0.717761300804655
5_4,data/raw/5_4.png,86.03965044021606,78.36697115428424,0.7730736309436927,88.9018714427948,52.983040263504954,0.7592163287188536,72.10315465927124,66.8265057564554,0.4481278196432916,0.6601392597686127
5_5,data/raw/5_5.png,75.75774788856506,63.1752645249748,0.605940651712401,86.63315773010254,86.2827988976172,0.7070533923649075,79.97900247573853,52.51562261206979,0.6039325801294418,0.6389755414022501
5_6,data/raw/5_6.png,88.3923590183258,37.585899504310916,0.8113170583587248,88.15377354621887,67.99410459469277,0.7420158407298676,87.92374730110168,72.8305496339526,0.7611003027016281,0.7714777339300735
5_7,data/raw/5_7.png,86.66819334030151,54.73740154325572,0.7832906357186592,80.22711277008057,44.333207931876345,0.5597637129043814,91.00437760353088,80.02272614868569,0.8220431849920647,0.7216991778717018
5_9,data/raw/5_9.png,85.52412986755371,26.932575294901582,0.7646938112817913,83.70749950408936,79.08270722750824,0.6397857935563198,79.54233288764954,70.92645771265848,0.5952941195891635,0.6665912414757581
6_0,data/raw/6_0.png,87.21416592597961,78.06013198172799,0.7921654547868812,80.5604338645935,68.17725977392435,0.5674275300450083,97.00188040733336,27.383028083928092,0.9406893942176516,0.7667607930165138
6_1,data/raw/6_1.png,94.62538957595824,91.43078402628495,0.9126353660847119,95.3743040561676,90.96500890736947,0.9080324127305812,98.29561114311218,75.71199675814901,0.9662827540842729,0.928983510966522
6_3,data/raw/6_3.png,92.817223072052,79.5827456507898,0.8832435046829957,88.50046992301941,75.16604096702977,0.7499871863148199,82.07468390464783,65.91537882206175,0.6453906111497704,0.7595404340491952
7_0,data/raw/7_0.png,80.26183843612671,71.99203958529588,0.6791549297275725,71.81261777877808,70.63095410337218,0.3662951565914557,97.6979911327362,68.37704971769406,0.9544602754447447,0.666636787254591
7_10,data/raw/7_10.png,75.98756551742554,59.11730178612333,0.6096763518708463,76.48873329162598,63.610971298618836,0.47380978680494673,81.00632429122925,68.6230261807598,0.6242556784338635,0.5692472723698855
7_11,data/raw/7_11.png,60.05294919013977,51.0958665674125,0.3506581510750008,65.28552770614624,52.370100974672994,0.2162223721187368,61.9454026222229,58.92017198182927,0.24718105681974217,0.2713538600044933
7_12,data/raw/7_12.png,79.10915613174438,67.28229210356841,0.6604180056348934,74.78731274604797,64.15196679325304,0.434690222651142,83.30649137496948,65.697766428945,0.6697589677192353,0.5882890653350902
7_13,data/raw/7_13.png,72.21425175666809,36.22290977829938,0.5483408969546201,72.94841408729553,69.73177072055192,0.39240972107827926,72.06856608390808,67.01629765324287,0.4474435676331466,0.4627313952220153
7_15,data/raw/7_15.png,87.6956582069397,70.1986526130979,0.7999921424051962,83.2669198513031,79.67776181200479,0.6296558559363543,98.85305762290956,65.13465657809293,0.9773104957690577,0.8023194980368693
7_19,data/raw/7_19.png,100.0,79.12797779190481,1.0,74.8003602027893,52.013442045960204,0.4349902136335967,100.0,94.89633037782596,1.0,0.8116634045445322
7_2,data/raw/7_2.png,71.78586721420288,49.38806075037845,0.5413774789997059,82.115238904953,53.65068723277007,0.6031760671607039,77.097487449646,50.876211255565174,0.5469287160452616,0.5638274207352238
7_20,data/raw/7_20.png,77.8138279914856,52.97283470296789,0.639362364417129,69.79364156723022,44.46429401729616,0.31987425869062514,71.26514911651611,63.40107593293342,0.4315498897597259,0.46359550428916
7_21,data/raw/7_21.png,90.45908451080322,50.922272895301084,0.8449118125470481,76.89153552055359,51.5764266263542,0.48307113472788266,82.736736536026,54.93275984436824,0.6584877346677525,0.6621568939808944
7_22,data/raw/7_22.png,80.5715560913086,68.10709201677345,0.6841894098902703,85.19657850265503,70.44431432575144,0.6740231380893165,85.95487475395203,73.6346812692241,0.722150881282512,0.6934544764206997
7_23,data/raw/7_23.png,79.39977049827576,67.55013337495807,0.6651419606268617,67.55436658859253,15.886280920855423,0.26838818641266987,65.29690027236938,54.145825105961144,0.3134823999664654,0.41567084900199897
7_25,data/raw/7_25.png,67.18612909317017,33.02687463695134,0.46660844360085374,78.78867387771606,61.43190318326038,0.5266907006632693,71.01584672927856,54.77929809049752,0.42661803992751385,0.473305728063879
7_28,data/raw/7_28.png,74.86661076545715,58.40628803194012,0.5914551611584459,73.64824414253235,62.89888523567124,0.4085004205903725,78.01838517189026,73.15376199854428,0.5651464689005811,0.5217006835497998
7_29,data/raw/7_29.png,77.50219106674194,64.33991960701216,0.6342966864057651,69.84496712684631,26.539860043907915,0.3210543511300575,70.07231116294861,56.102476047325034,0.40795245161906135,0.4544344963849613
7_4,data/raw/7_4.png,71.59065008163452,61.16504882059948,0.5382042121068096,76.61609649658203,38.937709935655924,0.4767381592641026,70.42652368545532,61.87884735740212,0.4149596968727042,0.4766340227478721
7_5,data/raw/7_5.png,85.08955240249634,81.8291642213613,0.757629726976678,81.9208025932312,71.63154442708426,0.5987055300027985,87.91524767875671,54.82375990737706,0.7609321580580873,0.7057558050125213
7_7,data/raw/7_7.png,76.92924737930298,59.758589959588285,0.6249834503648283,71.70274257659912,57.55035062176058,0.3637688734619125,86.51033043861389,79.96220662595636,0.7331392398600437,0.5739638545622615
7_9,data/raw/7_9.png,91.96091890335084,90.2452412023417,0.8693242260160122,76.48952007293701,73.19447489171411,0.47382787671343646,80.81952333450317,66.3459878042635,0.6205602695078002,0.6545707907457495
8_1,data/raw/8_1.png,63.26537132263184,52.70979793835284,0.40287627693787703,68.20149421691895,65.88488259404058,0.28326713614547366,74.88242387771606,42.24652790666348,0.503108995638203,0.3964174695738512
8_10,data/raw/8_10.png,70.13158798217773,59.00694728861435,0.5144870649795478,76.73779726028442,53.86227285698389,0.4795363392000369,69.99273896217346,66.6102103477499,0.406378306463894,0.4668005702144929
8_12,data/raw/8_12.png,77.67590284347534,65.00919982994941,0.6371203823732349,64.52157497406006,40.596727475606336,0.19865734506473048,71.58976197242737,66.88259703315565,0.4379715765983454,0.4245831013454369
8_13,data/raw/8_13.png,60.78164577484131,46.07332779972656,0.362503160356603,70.49808502197266,63.007749856366296,0.3360710308479536,64.58685994148254,52.66911836707634,0.2994359549020973,0.332670048702218
8_14,data/raw/8_14.png,64.06192183494568,57.076232569025464,0.4158242561238737,75.51909685134888,44.1865964828517,0.4515156191284886,53.074586391448975,46.27366159737895,0.0716932324787769,0.3130110359103797
8_17,data/raw/8_17.png,44.04259324073792,29.271218287192504,0.09040879790958924,55.88140487670898,10.999653309666721,0.0,49.45053160190582,39.147833196009465,0.0,0.030136265969863078
8_18,data/raw/8_18.png,66.53037071228027,59.31706901761102,0.4559490494562927,59.34439301490784,33.11397465748419,0.07962204699374516,73.2532262802124,29.596660315033184,0.47087922845898794,0.3354834416363419
8_19,data/raw/8_19.png,49.190154671669006,41.36081336247302,0.17408273601644844,65.05626440048218,2.619125006264725,0.2109510824206382,53.884392976760864,34.976259371616635,0.08771331361859006,0.1575823773518922
8_2,data/raw/8_2.png,72.36676812171936,49.31182251082037,0.5508200601585597,71.32683992385864,54.45807937182442,0.3551260085466596,53.74909043312073,33.29204894836517,0.08503667728733166,0.33032758199751694
8_20,data/raw/8_20.png,65.02175331115723,46.2502523919524,0.4314263777519809,70.39539217948914,43.36781005122203,0.33370988665575985,63.7929916381836,42.99306961777921,0.28373117444729684,0.34962247961834586
8_21,data/raw/8_21.png,65.94330668449402,46.84009789355768,0.44640628638588375,75.11649131774902,56.963688929655476,0.4422587936826751,71.9605803489685,64.46721029146981,0.44530732884841495,0.4446574696389913
8_22,data/raw/8_22.png,81.76250457763672,14.16236306309154,0.7035483532016962,74.77699518203735,68.46342540267098,0.4344529981693562,80.00089526176453,70.5224487538016,0.6043656763957288,0.5807890092555937
8_23,data/raw/8_23.png,73.44968914985657,55.37170706236659,0.5684230102736356,73.052316904068,42.930510810322765,0.394798685357014,71.84048891067505,59.95267092377162,0.4429316077558073,0.4687177677954857
8_26,data/raw/8_26.png,68.05805563926697,48.537070187441266,0.4807816650049614,68.83118152618408,49.43690470347371,0.29774509290675516,74.06790852546692,58.45726894710117,0.4869957628375222,0.4218408402497462
8_27,data/raw/8_27.png,69.26341652870178,55.697176078555955,0.5003748828445694,69.77535486221313,64.88390802295304,0.31945380536300017,73.59620332717896,61.796566352408604,0.47766420677499105,0.43249763166085353
8_28,data/raw/8_28.png,75.70991516113281,10.542328884093008,0.6051631276889675,73.75600337982178,64.01023408773261,0.4109780528296592,66.81703925132751,53.01287430980764,0.34355470393189036,0.4532319614835057
8_29,data/raw/8_29.png,70.49656510353088,55.80665812550139,0.5204197912757348,67.84881353378296,50.56152336478411,0.27515819762019045,71.19819521903992,37.92306541762575,0.4302253674729847,0.4086011187896366
8_4,data/raw/8_4.png,38.48070800304413,24.300776230422006,0.0,63.03116679191589,47.38202826012968,0.1643894395499669,53.4808874130249,34.91534274099647,0.07973092376320683,0.08137345443772458
8_7,data/raw/8_7.png,65.61071872711182,51.42757181931924,0.4410000480078696,69.41041350364685,56.47659473841913,0.3110629657637519,60.47959923744202,51.18539016199238,0.21818365227263228,0.3234155553480846
8_9,data/raw/8_9.png,94.44847106933594,81.15396388273192,0.9097595445191605,76.63785219192505,69.33790773786534,0.47723837264279595,79.99494671821594,75.1776126479655,0.6042479987279492,0.6637486386299686
p00_s01,data/raw/p00_s01.png,90.16009569168092,43.307599952055675,0.8400517302961488,87.97877430915833,66.67728320415172,0.7379922065385153,74.14564490318298,68.29832622381873,0.4885335906363007,0.688859175823655
p00_s02,data/raw/p00_s02.png,91.68277382850648,81.28203599364443,0.8648029601526449,83.81288647651672,42.129153571373685,0.6422088819806148,93.9801037311554,35.40227706531308,0.8809107897745653,0.7959742106359416
p00_s03,data/raw/p00_s03.png,88.19817304611206,49.13735977583497,0.8081605530429069,82.08308219909668,67.94501051809166,0.6024367106735669,84.45360064506531,44.928855961283155,0.6924517735280313,0.7010163457481683
p00_s04,data/raw/p00_s04.png,97.86550998687744,31.41437160660397,0.9653037292232137,88.84366750717163,64.13142882723035,0.7578780866248973,84.5621645450592,77.20992991287014,0.6945994499217556,0.8059270885899555
p00_s07,data/raw/p00_s07.png,100.0,82.06808800295784,1.0,91.42745733261108,67.42734221464578,0.8172853461051742,88.4588897228241,72.59414808870146,0.7716868120889867,0.8629907193980536
p00_s09,data/raw/p00_s09.png,80.47443628311157,69.62967416352538,0.6826107212375818,85.09033918380737,84.93113653758854,0.6715804522641576,78.90140414237976,61.676977062081285,0.582614881496643,0.6456020183327941
p00_s11,data/raw/p00_s11.png,70.525062084198,21.073306484810683,0.5208830115070164,77.68388986587524,76.26603541212401,0.501289180069416,92.5180733203888,75.81564988138246,0.8519880244696443,0.6247200720153588
p00_s12,data/raw/p00_s12.png,93.36914420127869,73.97313842603903,0.8922150177045369,94.82710361480711,87.18942360581413,0.8954510184207343,96.39003276824953,58.84146239973573,0.9285854560661101,0.9054171640637937
p00_s14,data/raw/p00_s14.png,84.72319841384888,82.0646480991634,0.7516746196151435,83.46669673919678,53.9641468274839,0.6342491852003719,95.09020447731018,46.07864450050403,0.9028714706943402,0.7629317585032851
p00_s16,data/raw/p00_s16.png,82.25963115692139,68.72395468709664,0.7116291773325927,94.22086477279665,8.211896740421638,0.8815121957503519,80.41998744010925,54.48316657760715,0.6126564100399332,0.735265927707626
p00_s17,data/raw/p00_s17.png,87.29122877120972,75.66128305613192,0.7934181162322358,86.98691725730896,73.64610053825429,0.7151871359919835,93.91254186630248,80.80031572298687,0.8795742403113573,0.7960598308451923
p00_s19,data/raw/p00_s19.png,88.91775608062744,57.43074613633584,0.8198574209872094,84.7482979297638,70.36028002048776,0.6637161386377697,81.37398362159729,70.94591399201602,0.6315289365317054,0.7050341653855615
p00_s21,data/raw/p00_s21.png,81.11687898635864,50.41135953085515,0.6930536681960556,73.26958775520325,26.705889563552038,0.39979424099540556,77.97048687934875,60.79390298876385,0.5641989160566167,0.5523489417493592
p00_s22,data/raw/p00_s22.png,82.53742456436157,57.18402025543915,0.7161447268199621,76.03095769882202,23.95953761513992,0.46328447504867154,93.44662427902222,59.163589887594235,0.8703571782522472,0.6832621267069602
p00_s23,data/raw/p00_s23.png,83.99150371551514,60.679512583972816,0.7397808758059666,84.3023419380188,72.60057165964432,0.6534625866431243,94.97788548469543,46.41970106625725,0.9006495087989114,0.7646309904160008
p00_s24,data/raw/p00_s24.png,86.75477504730225,61.379113207772775,0.7846980268668703,89.38581943511963,84.802816444434,0.7703434040219349,94.4641649723053,75.16781332215432,0.8904867805117528,0.8151760704668526
p00_s25,data/raw/p00_s25.png,81.06998205184937,64.85209731713972,0.6922913555460402,80.33241033554077,67.85368548916375,0.5621847456572572,92.52614378929138,41.70381572405688,0.8521476793415617,0.7022079268482863
p00_s27,data/raw/p00_s27.png,85.29460430145264,70.92193086429532,0.7609628586220559,84.58219766616821,79.69962495167992,0.6598971122750171,75.19071102142334,64.08181283481325,0.50920771741465,0.6433558961039076
p00_s28,data/raw/p00_s28.png,81.91877007484436,78.70495513553095,0.7060884587870364,86.30874752998352,53.80844651695802,0.699594457142403,91.10174775123596,51.90598088431387,0.8239694198426126,0.7432174452573507
p00_s29,data/raw/p00_s29.png,91.03049039840698,42.689178990063546,0.8542000515539605,73.78655672073364,72.92329285637953,0.4116805442760104,85.77686548233032,70.03527763684258,0.7186293947612331,0.661503330197068
p01_s00,data/raw/p01_s00.png,53.18255424499512,45.62120447594682,0.2389794447354575,69.91492509841919,52.01587486688847,0.32266284549326946,58.04941654205322,47.77977326705302,0.17010831592586237,0.24391686871819648
p01_s04,data/raw/p01_s04.png,79.02039289474487,73.97950596674558,0.65897515357795,77.1429181098938,64.24441683494895,0.488850997535113,77.65393853187561,59.06502500524292,0.5579367661764197,0.5685876390964942
p01_s05,data/raw/p01_s05.png,95.1604962348938,79.23276924875641,0.9213335588233741,80.05748987197876,62.625749095704066,0.555863693087709,90.68208932876588,44.37988477379834,0.8156674844164055,0.7642882454424962
p01_s06,data/raw/p01_s06.png,93.27258467674255,70.73486810609141,0.8906454364983535,73.822420835495,70.00674871975761,0.41250514260466736,70.96490859985352,56.69315230031937,0.4256103512012172,0.576253643434746
p01_s08,data/raw/p01_s08.png,84.98173952102661,72.38180115598819,0.7558772217385641,78.56593132019043,72.4974020018794,0.5215693379340174,81.76920413970947,57.56030281049092,0.6393474266293596,0.6389313287673137
p01_s09,data/raw/p01_s09.png,99.42100048065186,94.28478754722232,0.990588326026626,75.16655921936035,35.917644760411825,0.4434099696774762,96.08034491539,79.9898888314347,0.9224590246183918,0.7854857734408314
p01_s10,data/raw/p01_s10.png,89.82652425765991,81.22803447804516,0.8346295054428862,87.12543845176697,63.51826444178036,0.7183720562442665,90.35740494728088,69.36236122076565,0.8092443826158484,0.7874153147676669
p01_s11,data/raw/p01_s11.png,88.74947428703308,79.05543772793045,0.8171219897406553,72.98491597175598,66.61995402079079,0.39324898319639373,94.87404227256776,55.908135992359135,0.8985952198930445,0.7029887309433646
p01_s13,data/raw/p01_s13.png,80.35562038421631,59.36928682422659,0.680679361252146,85.76608896255493,51.60624244966191,0.6871174909406561,72.65976071357727,49.38297877746698,0.45913893552531376,0.6089785959060386
p01_s14,data/raw/p01_s14.png,82.58464336395264,64.96620049082,0.7169122714073316,76.7596960067749,69.60599114446813,0.4800398416530011,87.32110261917114,77.09430356018149,0.7491784229860095,0.648710178682114
p01_s15,data/raw/p01_s15.png,61.18338108062744,48.59587903924305,0.3690333932761563,79.87453937530518,12.653054927738808,0.5516572411848014,75.46853423118591,53.755988474912506,0.5147037833193321,0.4784648059267633
p01_s17,data/raw/p01_s17.png,99.31341409683228,90.8852955159545,0.9888395025222055,82.72850513458252,55.963984940762536,0.6172764656046429,93.85597109794617,88.16504205913091,0.8784551233325042,0.8281903638197843
p01_s18,data/raw/p01_s18.png,87.38410472869873,74.24213663869351,0.7949278208220352,85.1360559463501,78.55052413800296,0.6726315855832201,92.39706993103027,51.42261934807203,0.849594262612337,0.7723845563391974
p01_s19,data/raw/p01_s19.png,85.07933616638184,82.47276078914791,0.7574636614095547,84.92599725723267,73.57223523480822,0.6678018541059845,86.44852042198181,68.09756816786911,0.7319164769192883,0.7190606641449424
p01_s20,data/raw/p01_s20.png,85.29987931251526,73.02214307815167,0.7610486042620234,80.69357872009277,36.682171759019155,0.5704888359226115,71.41252756118774,40.64172586732488,0.43446541883138645,0.5886676196720071
p01_s21,data/raw/p01_s21.png,90.74609279632568,88.4743933824751,0.8495771504631063,75.77921152114868,53.3605158014883,0.45749625251100273,84.45907235145569,72.8091975125359,0.6925600181162294,0.6665444736967795
p01_s22,data/raw/p01_s22.png,99.41728115081789,93.75027608206788,0.9905278680838695,74.45926666259766,52.60425083171819,0.4271476901242531,58.44113826751709,0.0,0.1778575908020871,0.5318443830034033
p01_s23,data/raw/p01_s23.png,94.90829706192017,72.25605062586791,0.917234045243372,78.69985103607178,71.86098161890587,0.5246484596305877,87.43990063667297,58.59047072686055,0.7515285568502523,0.7311370205747373
p01_s24,data/raw/p01_s24.png,96.09251618385316,86.74641273680237,0.9364836023090092,80.71673512458801,28.217420435140767,0.5710212548202069,96.57151103019714,81.56897083017545,0.9321755682413444,0.8132268084568534
p01_s26,data/raw/p01_s26.png,82.62208700180054,65.15920982868099,0.7175209201195072,84.02933478355408,38.682582000245404,0.6471855254419489,89.54761624336243,72.8668051250969,0.7932246552165195,0.7193103669259919
p01_s27,data/raw/p01_s27.png,78.11881303787231,43.300340131578686,0.644319915723178,76.32259130477905,73.94128118302052,0.4699898011288652,80.41640520095825,67.94735807819681,0.612585544029577,0.5756317536272068
p01_s29,data/raw/p01_s29.png,69.76592540740967,50.538805706841174,0.5085431965945514,77.84887552261353,49.240070387799435,0.5050825790618081,69.99697089195251,57.57203417289895,0.40646202504518003,0.47336260023384646
p02_s00,data/raw/p02_s00.png,78.50106954574585,49.02474005326754,0.6505335195450889,81.71290755271912,68.44536178110916,0.5939255457739097,70.76908946037292,41.45292165751422,0.4217365391575682,0.5553985348255223
p02_s01,data/raw/p02_s01.png,82.66584277153015,45.423825024728416,0.7182321729364572,79.88649606704712,68.73125111045283,0.5519321529759408,73.1634259223938,41.01624817883137,0.4691027437467968,0.5797556898863983
p02_s02,data/raw/p02_s02.png,83.15110206604004,55.427091034098375,0.7261200935993593,76.48869752883911,63.12157017309198,0.47380896453637905,79.41274046897888,65.96819963446619,0.5927304443858938,0.5975531675072107
p02_s03,data/raw/p02_s03.png,83.78527164459229,76.3125519161638,0.7364285603902909,71.4920163154602,39.70168179251176,0.35892379297141286,79.15472388267517,25.992470836918127,0.5876262050243294,0.5609928527953444
p02_s05,data/raw/p02_s05.png,95.84096670150755,82.25257198473274,0.9323946494914434,69.96361017227173,61.19317601940609,0.32378222710345217,83.11054110527039,66.58553135659746,0.6658825615787013,0.6406864793911989
p02_s07,data/raw/p02_s07.png,94.98686790466309,71.72094078835187,0.9185112192841073,78.72895002365112,42.64932005810529,0.5253175121551852,76.76017880439758,50.89298541040979,0.5402558734627839,0.6613615349673588
p02_s08,data/raw/p02_s08.png,98.19985628128052,67.66194439708678,0.9707385494812171,78.26346755027771,72.01488518698741,0.5146150015225673,82.6009750366211,58.4237906485991,0.6558020189973969,0.7137185233337271
p02_s09,data/raw/p02_s09.png,85.02591252326965,65.0748831493366,0.7565952566965286,82.34255909919739,73.91427545282437,0.6084026802666234,92.94294714927672,45.57059107021904,0.8603931342037744,0.7417970237223087
p02_s10,data/raw/p02_s10.png,94.75027322769164,41.49371641011629,0.9146653577780425,89.62960243225098,65.61709940131927,0.7759485347585258,92.63438582420348,6.187604005731334,0.8542889884065681,0.8483009603143787
p02_s11,data/raw/p02_s11.png,100.0,65.83471616289503,1.0,74.05010461807251,45.90235445518435,0.41774011544102524,75.22818446159363,36.31019228695292,0.5099490395562633,0.6425630516657628
p02_s12,data/raw/p02_s12.png,88.5124683380127,70.48598197779683,0.8132694429813052,85.00364422798157,58.3868390801066,0.6695871362112551,82.9262912273407,53.827786757823596,0.6622376196283991,0.7150313996069865
p02_s13,data/raw/p02_s13.png,91.13469123840332,64.88235948102597,0.8558938428284357,81.21498227119446,59.335653278527516,0.582477100505613,85.50046682357788,63.468906406845896,0.7131615101818007,0.7171774845052831
p02_s15,data/raw/p02_s15.png,82.63123631477356,57.58083069173814,0.7176696427831795,86.08618974685669,16.930115379177863,0.6944773428007509,76.2899398803711,64.62655463172841,0.5309533241199659,0.647700103234632
p02_s16,data/raw/p02_s16.png,84.3184232711792,77.93576848275003,0.7450949739539141,85.44755578041077,27.53404002020816,0.6797936818527794,86.86407208442688,58.51844780567628,0.7401371699475998,0.7216752752514312
p02_s18,data/raw/p02_s18.png,73.98867607116699,54.217618039017786,0.5771842769237313,84.48589444160461,58.14623980775483,0.6576828800669218,88.45380544662476,73.69997085203055,0.7715862318779487,0.668817796289534
p02_s20,data/raw/p02_s20.png,87.78350949287415,54.21963778809292,0.8014201706396368,78.93426418304443,71.19027003912683,0.5300381560024373,75.91791152954102,50.66455538072332,0.5235936354304582,0.6183506540241774
p02_s21,data/raw/p02_s21.png,66.52388572692871,17.762946593500153,0.4558436356073836,77.17177271842957,48.375299727550534,0.4895144312244978,93.69950890541077,60.78495457767257,0.8753598940948155,0.6069059869755656
p02_s22,data/raw/p02_s22.png,71.39521837234497,59.81482941430494,0.5350274572556774,74.28363561630249,32.78721961868045,0.4231095291882045,75.45841336250305,42.394473632161436,0.5145035662052142,0.4908801842163653
p02_s24,data/raw/p02_s24.png,89.28390741348267,55.345328833641716,0.8258092341659655,84.1191291809082,53.969055104272186,0.6492501047707201,77.39492058753967,69.96605441701675,0.5528127173477341,0.6759573520948066
p02_s28,data/raw/p02_s28.png,88.74942064285278,61.665178073758604,0.8171211177510963,71.34121656417847,48.43500040001333,0.35545656051088104,97.11622595787048,77.5269021839936,0.9429514467013022,0.7051763749877598
p02_s29,data/raw/p02_s29.png,88.52578997612,42.34184464359667,0.8134859870551212,81.74265623092651,50.53277168782912,0.5946095361774872,86.67082190513611,46.200895115833504,0.7363141786201963,0.7148032339509349
p03_s01,data/raw/p03_s01.png,100.0,100.0,1.0,95.14336585998537,7.827386998527351,0.9027226134545616,96.08156681060792,78.41409845302506,0.9224831968848201,0.9417352701131273
p03_s02,data/raw/p03_s02.png,100.0,48.081348197438885,1.0,86.42064929008484,62.425589311645744,0.7021673354907834,91.95020794868468,75.13371801123478,0.840754169996003,0.8476405018289288
p03_s03,data/raw/p03_s03.png,77.99675464630127,45.055856587506405,0.6423358488132876,83.49096775054932,73.38494817635862,0.6348072314683277,84.44233536720276,55.93102871028275,0.6922289170229178,0.6564573324348443
p03_s04,data/raw/p03_s04.png,88.14021348953247,79.96198803811247,0.8072184167682817,84.55502986907959,49.73219029366925,0.6592724622530762,76.45038962364197,70.53506485110375,0.534127437485655,0.6668727721690043
p03_s07,data/raw/p03_s07.png,100.0,93.58913609895609,1.0,91.59952402114868,90.27001822787109,0.8212415542739739,100.0,83.9451020330775,1.0,0.9404138514246579
p03_s08,data/raw/p03_s08.png,84.96296405792236,71.84806003353216,0.7555720253929172,88.21099996566772,81.65693056104502,0.7433316074829729,91.01707935333252,31.392793014503535,0.8222944586494176,0.7737326971751027
p03_s09,data/raw/p03_s09.png,77.22589373588562,64.47980807377063,0.6298054557383187,84.33873057365417,65.70351749683368,0.6542992449107743,74.55552220344543,60.68255052557798,0.4966420300175921,0.5935822435555617
p03_s10,data/raw/p03_s10.png,78.57980132102966,63.53213308666009,0.651813309554501,75.35097599029541,30.09823715769134,0.44765013459166014,80.95042705535889,65.09149559731999,0.623149885679919,0.57420444327536
p03_s11,data/raw/p03_s11.png,85.43272018432617,75.63760010749048,0.763207941073271,83.13599824905396,79.27159700295644,0.6266456677547108,84.88790392875671,72.36678542689837,0.7010434224108865,0.6969656770796228
p03_s12,data/raw/p03_s12.png,97.04748392105104,89.81485737551859,0.9520066635504346,84.31183695793152,83.29676753982183,0.6536808989478526,97.06294536590576,88.51568828192974,0.9418974179715612,0.8491949934899495
p03_s14,data/raw/p03_s14.png,94.66515183448792,76.23860922585558,0.9132817041233818,87.4126672744751,68.3751738026872,0.7249761062458698,75.16127228736877,68.34778569125695,0.5086253426639854,0.7156277176777457
p03_s15,data/raw/p03_s15.png,74.12794828414917,59.15754945232613,0.5794481555943289,95.09135484695436,13.989290060184846,0.9015267608675814,97.98440337181091,32.30086908571914,0.960126254695389,0.8137003903857666
p03_s16,data/raw/p03_s16.png,88.42633962631226,52.81128365424663,0.8118694153004811,89.47998285293579,29.71381522574225,0.7725084371607286,84.08364653587341,73.52707274816262,0.6851331187347033,0.7565036570653043
p03_s17,data/raw/p03_s17.png,98.93300533294678,87.54805587982442,0.9826559338962155,83.22691917419434,49.97810403757403,0.628736148543365,86.15536689758301,49.896085981873085,0.72611713750606,0.7791697399818801
p03_s18,data/raw/p03_s18.png,95.11978030204772,75.46607090178075,0.9206717187480998,93.72079968452454,85.35028592750231,0.8700145514127533,88.43966126441956,64.29767460983753,0.7713064231548616,0.8539975644385717
p03_s20,data/raw/p03_s20.png,81.66767358779907,58.928424436188976,0.702006869436858,87.35308647155762,83.38339121466423,0.7236062068120566,89.97739553451538,60.15767400758201,0.8017268077568449,0.7424466280019199
p03_s21,data/raw/p03_s21.png,82.5468361377716,31.337127547494678,0.7162977125437006,91.26552939414978,64.19462505815784,0.8135622510753218,79.58565950393677,73.67143395806157,0.5961512327826399,0.708670398800554
p03_s22,data/raw/p03_s22.png,94.02672052383424,67.32728756692164,0.9029039626063751,92.79678463935852,67.94786616100838,0.8487693243391771,93.79064440727234,79.11443039984441,0.877162791429835,0.8762786927917956
p03_s23,data/raw/p03_s23.png,92.92199611663818,86.03290328332763,0.8849465971794335,93.48118901252748,59.42392088214553,0.8645053520090629,88.2533073425293,67.22618955867007,0.767619857740906,0.8390239356431342
p03_s24,data/raw/p03_s24.png,88.88003826141357,74.47579061221144,0.8192443154395102,83.58603715896606,71.6556257098532,0.6369930954108369,98.4033226966858,82.72837158486749,0.9684135688482455,0.8082169932328642
p03_s26,data/raw/p03_s26.png,84.88541841506958,70.26247998548882,0.7543115160415317,84.0463399887085,78.09782139624701,0.6475765141458973,86.7678701877594,70.04487625042614,0.7382340461420267,0.7133740254431519
p03_s27,data/raw/p03_s27.png,87.20167875289917,65.61427443915666,0.7919624749950939,87.07008361816406,78.78437119500992,0.7170993215462048,82.49977231025696,64.24289844830595,0.6537999657697124,0.720953920770337
p03_s28,data/raw/p03_s28.png,91.16897583007812,88.27864214902317,0.8564511410443596,90.86108207702635,71.25595802690431,0.8042630787982706,91.2416160106659,82.19020889404732,0.8267363779108641,0.8291501992511648
p04_s00,data/raw/p04_s00.png,100.0,93.41130341753299,1.0,93.82555484771729,78.7883828772308,0.872423113092352,76.96682810783386,54.817742941072595,0.5443439343264282,0.8055890158062601
p04_s01,data/raw/p04_s01.png,93.55441331863403,56.70091586991616,0.8952265789781048,87.27533221244812,72.20727568359501,0.7218184579010828,86.44508719444275,67.01516757802158,0.7318485587463013,0.7829645318751629
p04_s02,data/raw/p04_s02.png,73.3679711818695,60.903525970851,0.5670946795121063,86.39159798622131,47.89694542405707,0.7014993793242762,75.38109421730042,50.3218984804335,0.5129739923510696,0.593856017062484
p04_s06,data/raw/p04_s06.png,100.0,98.40850391234808,1.0,93.91565918922424,62.963695141273845,0.87449481874871,83.65806937217712,72.10767173168949,0.6767140952081901,0.8504029713189668
p04_s11,data/raw/p04_s11.png,86.65167093276978,61.463697928900864,0.78302206293449,89.3284022808075,87.20763925235302,0.7690232518364684,84.53381657600403,64.41005419063426,0.6940386533406337,0.7486946560371974
p04_s12,data/raw/p04_s12.png,90.18394947052002,53.80189131463573,0.840439474986713,94.99558806419373,90.09928874923811,0.8993248626880015,79.52623963356018,46.1204774547555,0.5949757531532869,0.778246696942667
p04_s13,data/raw/p04_s13.png,88.48193883895874,81.39300512771509,0.8127731840345106,92.93948411941528,83.48077288430429,0.8520503129691214,84.57779288291931,73.49987883122083,0.6949086191050401,0.786577372036224
p04_s14,data/raw/p04_s14.png,82.2689414024353,77.13131280273394,0.711780515964942,89.90387320518494,78.1929051008308,0.7822546494490938,76.24712586402893,64.50318575434828,0.5301063514870396,0.6747138389670252
p04_s15,data/raw/p04_s15.png,71.72685861587524,61.98357512209995,0.540418290484816,92.97853708267212,39.568553735054714,0.8529482302450662,91.81669354438782,48.47606381933621,0.8381129077131757,0.743826476147686
p04_s17,data/raw/p04_s17.png,93.8055157661438,78.40057559476847,0.8993082652160119,80.16403317451477,54.552865243604344,0.5583133681956934,88.57543468475342,53.31281930551071,0.7739923746522068,0.7438713360213041
p04_s18,data/raw/p04_s18.png,93.3110535144806,74.87851235920216,0.8912707498998789,89.33926820755005,76.78963549732254,0.7692730844362925,83.70700478553772,68.23925185938687,0.6776821650002444,0.7794086664454719
p04_s20,data/raw/p04_s20.png,99.24767017364502,45.10371046699525,0.987770830873798,86.7086410522461,71.45449287138261,0.7087889272218314,89.58958387374878,60.265064864326874,0.7940548841331887,0.8302048807429395
p04_s21,data/raw/p04_s21.png,92.63139963150024,87.10062289145615,0.8802229328506516,88.747239112854,55.351844555441616,0.755660976476815,76.91314220428467,50.85728300443947,0.543281887479043,0.7263885989355031
p04_s22,data/raw/p04_s22.png,86.63698434829712,45.79723312624633,0.7827833315707841,87.13610172271729,51.79630798085243,0.7186172293222068,83.92289280891418,73.5708685181109,0.6819529917807808,0.727784517557924
p04_s24,data/raw/p04_s24.png,77.8762936592102,67.80311358235363,0.6403777478147094,86.63188219070435,78.5816057803028,0.7070240647859923,81.04042410850525,74.16716188511718,0.6249302615374375,0.657444024712713
p04_s25,data/raw/p04_s25.png,82.75715112686157,75.28107780709371,0.7197163960535884,87.98443078994751,46.01941532441687,0.7381222620169755,79.93184924125671,49.2976249585908,0.6029997664723236,0.6869461415142958
p04_s26,data/raw/p04_s26.png,80.58338165283203,50.913279413150775,0.6843816351441634,84.87236499786377,81.30244439182219,0.6665687253439344,75.99582076072693,55.024813375499406,0.5251348827205851,0.6253617477362275
p04_s28,data/raw/p04_s28.png,92.35396385192873,35.09648310500092,0.875713196627009,77.76230573654175,76.86444846281009,0.5030921409488925,79.49472665786743,65.55473244613238,0.5943523445064427,0.6577192273607814
p05_s00,data/raw/p05_s00.png,89.15022015571594,64.68673209803151,0.8236361392972317,81.31599426269531,67.42503161128306,0.5847995980751242,81.947261095047,67.66350789251045,0.6428698564585967,0.6837685312769842
p05_s04,data/raw/p05_s04.png,82.15165138244629,77.87791381526546,0.709873959238073,81.94918632507324,69.0219259058583,0.5993581371560417,77.01486349105835,64.40619551401461,0.5452941991807724,0.6181754318582957
p05_s05,data/raw/p05_s05.png,66.72730445861816,43.81652425940724,0.4591502200150767,74.33013319969177,38.955299092208094,0.4241786153709953,69.86224055290222,63.93262455780174,0.40379670840941945,0.4290418479318305
p05_s06,data/raw/p05_s06.png,74.76305961608887,40.306577669856864,0.5897719306464073,67.57073402404785,51.41506684760658,0.2687645113271608,73.94635677337646,56.492496072254134,0.48459115293869615,0.4477091983040881
p05_s08,data/raw/p05_s08.png,90.07444977760316,82.09540661176757,0.8386595505213555,81.27495050430298,71.56053806291014,0.5838559078489098,79.81082797050476,54.228732209650886,0.600605650874532,0.6743737030815992
p05_s09,data/raw/p05_s09.png,86.51328086853027,80.91924101207357,0.7807725236477513,82.03141689300537,68.81371845688085,0.6012488066827412,73.49498867988586,62.65424378026985,0.4756619177203171,0.6192277493502698
p05_s10,data/raw/p05_s10.png,88.02023530006409,74.68409383009497,0.8052681636757344,80.51928281784058,68.29666575875741,0.5664813730130909,76.60256028175354,68.67643637555243,0.53713776900711,0.6362957685653118
p05_s11,data/raw/p05_s11.png,87.66300678253174,79.63377881019092,0.7994613914269572,76.07111930847168,68.6781300117499,0.4642078826502155,86.5415632724762,61.24727885480245,0.7337571065726338,0.6658087935499355
p05_s12,data/raw/p05_s12.png,81.01487159729004,75.70079464747819,0.6913955316057703,73.48146438598633,68.43336735687026,0.4046657711248334,65.70585370063782,52.39117178165272,0.3215725627560676,0.4725446218288904
p05_s14,data/raw/p05_s14.png,90.81236124038696,53.53098206037787,0.8506543482316463,81.67217373847961,71.3216852649654,0.5929889818752823,85.1007342338562,73.80946611659233,0.7052537595686064,0.7162990298918451
p05_s15,data/raw/p05_s15.png,80.64697980880737,69.2968882932192,0.6854154272102113,79.29354906082153,23.98539974469012,0.5382989401232252,85.08585095405579,60.66088376052941,0.704959329572168,0.6428912323018682
p05_s16,data/raw/p05_s16.png,78.08067202568054,54.68827284363869,0.6436999311467355,76.48546099662781,73.96458091348988,0.47373454923100083,84.94609594345093,42.43109828515476,0.7021946118603171,0.6065430307460178
p05_s17,data/raw/p05_s17.png,85.62542200088501,74.85958587800968,0.7663403213446234,82.96303749084473,68.66314950885564,0.6226689028717182,83.96241068840027,73.45150921482032,0.6827347582511,0.6905813274891472
p05_s18,data/raw/p05_s18.png,73.75003099441528,31.467137637644928,0.5733050860389676,83.87534022331238,69.72512082938711,0.6436448369893678,71.77121043205261,67.90692538059643,0.44156109920610614,0.5528370074114805
p05_s21,data/raw/p05_s21.png,82.59860277175903,51.29832747766804,0.7171391824681267,78.46947908401489,66.59612446615515,0.5193516796068899,62.23031878471375,45.39056494887958,0.25281743978319965,0.4964361006194054
p05_s22,data/raw/p05_s22.png,82.7327013015747,78.39805389083025,0.7193189625901462,76.63980722427368,52.418157008213,0.4772833233244977,83.26345086097717,73.74030701127425,0.6689075143735076,0.6218366000960506
p05_s24,data/raw/p05_s24.png,86.56343221664429,79.57690819227172,0.7815877369976789,79.21335697174072,64.91827517064516,0.5364551399048856,77.95181274414062,60.7968025313811,0.5638294930775051,0.6272907899933565
p05_s25,data/raw/p05_s25.png,91.39750003814696,80.4546881072448,0.8601658165656602,84.43602919578552,74.86951786533935,0.6565363635940044,75.95099210739136,68.82501065244979,0.5242480553264267,0.6803167451620303
p05_s27,data/raw/p05_s27.png,78.79553437232971,72.53350135322339,0.6553200640098469,84.51604843139648,64.25393023978887,0.6583761895142668,77.21844911575317,64.53033117404378,0.5493216525081055,0.6210059686774064
p05_s28,data/raw/p05_s28.png,76.65971517562866,66.94567985676748,0.6206021872695434,78.89617085456848,73.73185071061927,0.5291623029330594,70.49042582511902,58.95608623773368,0.41622384745012364,0.5219961125509088
p06_s00,data/raw/p06_s00.png,75.61362981796265,59.91328640957778,0.6035980033183078,83.35976600646973,47.43154045094966,0.6317906021829038,77.72247195243835,61.99584060532855,0.5592925355392747,0.5982270470134955
p06_s01,data/raw/p06_s01.png,84.40731167793274,77.94329802756293,0.7465398606531618,74.96824264526367,68.14376346168915,0.4388502163799737,91.75278544425964,56.51331330424986,0.8368486392222615,0.6740795720851324
p06_s02,data/raw/p06_s02.png,78.72095108032227,58.152293645837716,0.6541077078596633,85.06290912628174,71.08303058577694,0.6709497722727202,79.71262335777283,48.88575392159138,0.5986629081347165,0.6412401294223667
p06_s03,data/raw/p06_s03.png,82.94752240180969,75.09026263527743,0.7228108932229892,73.67228865623474,50.62948905664816,0.4090532591573996,79.74250912666321,67.64816189342436,0.5992541263974887,0.5770394262592925
p06_s04,data/raw/p06_s04.png,94.25081610679626,74.27969721077531,0.9065466505451946,88.02751898765564,85.99432060947505,0.7391129585963109,100.0,100.0,1.0,0.8818865363805019
p06_s05,data/raw/p06_s05.png,76.79403424263,68.76898945546706,0.6227855522375276,83.2362413406372,76.95266689492345,0.6289504865500161,88.91741633415222,79.46404442506484,0.7807576614145835,0.6774979000673756
p06_s07,data/raw/p06_s07.png,78.7014901638031,75.33961664951714,0.6537913694252072,87.19742894172668,69.2600650031609,0.7200272828710769,88.74606490135193,60.82000836588102,0.7773678842669616,0.7170621788544151
p06_s08,data/raw/p06_s08.png,70.88853120803833,61.188731778538966,0.526791225207823,82.87002444267273,56.7047901002441,0.6205303193718527,68.95458102226257,59.63341531240597,0.38584084142598213,0.5110541286685526
p06_s09,data/raw/p06_s09.png,85.38767099380493,58.885267099036085,0.7624756636191762,71.27509117126465,40.630626444440196,0.3539361859291759,88.86388540267944,67.99322998121059,0.7796986803180622,0.6320368432888048
p06_s10,data/raw/p06_s10.png,85.87647676467896,67.90113846524655,0.7704212324807004,85.53580045700073,58.45506255652782,0.6818226295436163,97.2107470035553,78.36173740925294,0.9448213189013505,0.7990217269752223
p06_s15,data/raw/p06_s15.png,98.25941324234007,91.49898336621445,0.9717066516671542,84.98109579086304,52.52569562954024,0.6690686958793107,100.0,92.51628217525663,1.0,0.880258449182155
p06_s16,data/raw/p06_s16.png,83.5025429725647,56.10753320125317,0.7318327878634943,84.88020896911621,65.56134864350477,0.6667490762497866,100.0,87.29348533531818,1.0,0.7995272880377603
p06_s17,data/raw/p06_s17.png,92.97610521316528,71.29432282727771,0.8858261439812689,85.67999601364136,68.16642572313775,0.6851380164086434,87.91096806526184,52.98521912561596,0.7608474961688432,0.7772705521862519
p06_s18,data/raw/p06_s18.png,89.87759351730347,74.80967108999755,0.8354596395030454,75.26558041572571,44.96699667094004,0.4456866942967179,87.5230610370636,80.49949553203699,0.7531736859292707,0.6781066732430113
p06_s19,data/raw/p06_s19.png,75.43148994445801,39.78959065676994,0.6006373081023477,80.62694668769836,70.29329838539296,0.568956812536197,74.38562512397766,59.50581576504712,0.4932810237626939,0.5542917148004128
p06_s20,data/raw/p06_s20.png,87.71448135375977,54.27543438991135,0.8002981138526732,86.16653680801392,68.58785801819647,0.6963247061828841,89.4336998462677,84.28429740315278,0.7909710925044926,0.7625313041800167
p06_s23,data/raw/p06_s23.png,80.68562746047974,64.93767393073766,0.6860436472435998,85.77895164489746,66.24631603308798,0.687413233535511,100.0,99.71954936142757,1.0,0.791152293593037
p06_s24,data/raw/p06_s24.png,97.45845794677734,86.98445776290292,0.9586870724495916,84.74792838096619,83.10897076866546,0.6637076418625699,80.9263288974762,52.98239376522648,0.6226731614205675,0.7483559585775764
p06_s26,data/raw/p06_s26.png,84.96936559677124,47.36239871043211,0.7556760828136235,88.9458179473877,73.4053229077663,0.760226759743814,84.6566379070282,64.26673855653291,0.6964683788138457,0.7374570737904277
p06_s27,data/raw/p06_s27.png,99.09844398498537,77.94277474528583,0.9853451496961434,85.05853414535522,77.91168947258267,0.6708491814179364,100.0,41.97629440700939,1.0,0.88539811037136
p06_s28,data/raw/p06_s28.png,76.20660066604614,26.927097556906737,0.6132367821279345,83.50691199302673,79.70573393130213,0.6351738262047674,100.0,87.7170972696579,1.0,0.7494702027775673
p07_s00,data/raw/p07_s00.png,95.81658840179443,83.24331293847523,0.9319983786807466,92.55543947219849,73.04393637956173,0.8432202449099521,91.12282991409302,64.43553009149149,0.8243864798736109,0.8665350344881032
p07_s01,data/raw/p07_s01.png,85.29278039932251,77.70765308926953,0.7609332109770502,84.90949869155884,23.122903785631657,0.6674225142067453,84.6539318561554,63.45532559191239,0.6964148460872205,0.7082568570903387
p07_s03,data/raw/p07_s03.png,70.18462419509888,59.71593446396786,0.5153491719902032,70.91178297996521,56.71319125804151,0.34558289659452,62.042587995529175,57.82113732191867,0.2491036363519522,0.3700119016455585
p07_s04,data/raw/p07_s04.png,89.01939392089844,66.22420323641063,0.8215095505383107,64.58640098571777,50.69285113102462,0.20014784388847529,85.04379987716675,71.5800748735976,0.704127449866572,0.5752616147644526
p07_s05,data/raw/p07_s05.png,83.0284059047699,72.56927839555549,0.7241256597024898,88.57839703559875,84.7992034695945,0.7517789095238709,81.62174224853516,50.25444870045472,0.6364302467687722,0.704111605331711
p07_s07,data/raw/p07_s07.png,96.21833562850952,88.31138103257092,0.9385288053757574,85.56793928146362,78.70562105975229,0.6825615748964696,87.36345171928406,49.31454802445032,0.7500161983663439,0.7903688595461903
p07_s08,data/raw/p07_s08.png,81.6980242729187,48.89356413109878,0.7025002217517893,79.56873178482056,58.53938949118272,0.54462602266227,91.18373394012453,60.05710590408572,0.8255913199631617,0.6909058547924071
p07_s09,data/raw/p07_s09.png,74.07023906707764,65.28917116701587,0.5785100886043124,88.74008059501648,73.68956422892413,0.7554963857185106,82.30900168418884,57.25701827356573,0.6500260264561329,0.6613441669263187
p07_s10,data/raw/p07_s10.png,83.35362672805786,62.472464867743525,0.7294121448477359,78.5161554813385,49.03885793216572,0.5204248771325194,83.3594262599945,70.71193556774932,0.6708061574662796,0.640214393148845
p07_s12,data/raw/p07_s12.png,90.11560678482056,65.80236941372951,0.8393285602885587,83.34730863571167,72.78359480421042,0.6315041786318164,78.0539333820343,56.50319585794843,0.5658497049833839,0.6788941479679197
p07_s13,data/raw/p07_s13.png,73.06621074676514,63.8419246318432,0.5621895444673256,82.31810927391052,77.71177606176153,0.6078405226558289,77.04609632492065,60.17890580524098,0.5459120658933625,0.5719807110055056
p07_s14,data/raw/p07_s14.png,82.83891081809998,80.4678073342806,0.7210454050292192,78.23037505149841,66.2411686158085,0.5138541290079084,71.33365273475647,60.31948515311173,0.4329050695551071,0.5559348678640782
p07_s17,data/raw/p07_s17.png,74.83619451522827,3.37601092149033,0.5909607430784981,80.96752762794495,71.20502847432003,0.57678755019607,81.57796263694763,58.669955400048266,0.6355641721496933,0.6011041551414205
p07_s18,data/raw/p07_s18.png,98.224139213562,90.13171104233494,0.9711332700882533,89.121413230896,82.1225171982446,0.764264098411295,100.0,66.73145735230896,1.0,0.9117991228331827
p07_s20,data/raw/p07_s20.png,100.0,100.0,1.0,78.18546295166016,48.05506609769915,0.5128214967316196,92.70861148834229,76.12231724671736,0.8557573651569278,0.7895262872961825
p07_s21,data/raw/p07_s21.png,64.04780745506287,55.412277973400805,0.4155948259821303,79.68621253967285,78.55651134005333,0.5473271749072139,79.46937680244446,67.4767483177262,0.5938508584131897,0.518924286434178
p07_s22,data/raw/p07_s22.png,84.06153917312622,76.1377103704179,0.7409193066190936,81.34922385215759,58.46311153192147,0.5855636226192927,74.97333288192749,50.54887723957466,0.5049074122604211,0.6104634471662691
p07_s23,data/raw/p07_s23.png,99.4797945022583,91.53154177037099,0.9915440265832799,88.81986141204834,78.49387870114747,0.7573307298483216,87.53998279571533,67.70383902786661,0.7535084423409201,0.8341277329241739
p07_s25,data/raw/p07_s25.png,75.88464617729187,29.13345156691041,0.6080033914580582,86.58318519592285,70.12992292888279,0.705904409086287,84.27855372428894,62.74088884044374,0.6889888900136526,0.6676322301859993
p07_s27,data/raw/p07_s27.png,88.90666365623474,69.22914279570179,0.8196771129239558,80.47345876693726,59.21269349809764,0.5654277728883254,88.45327496528625,75.01631242371852,0.7715757375769142,0.7188935411297318
p07_s28,data/raw/p07_s28.png,71.01647853851318,64.34143673260859,0.5288710171937447,74.2039442062378,70.47297411572214,0.42127724072981276,66.97046160697937,31.588322498603322,0.34658979728724676,0.43224601840360144
p07_s29,data/raw/p07_s29.png,83.16913843154907,73.97142786272732,0.7264132758666377,77.83275246620178,20.596746048235794,0.5047118729825298,72.86171913146973,20.170518271073757,0.4631341984685749,0.5647531157725808
p08_s01,data/raw/p08_s01.png,97.21410274505617,92.64080906947187,0.95471506312066,81.45415186882019,48.69354488880697,0.5879761585969687,85.97386479377747,67.51109952658886,0.7225265536768464,0.7550725917981583
p08_s03,data/raw/p08_s03.png,65.76501131057739,3.3149970954809103,0.4435080837549847,90.66643714904784,67.53055498488362,0.7997877450737202,95.58001160621644,42.97846068851234,0.9125611300404853,0.7186189862897301
p08_s06,data/raw/p08_s06.png,94.34655904769896,64.60748922272586,0.9081029581325353,96.3086724281311,16.834140684643145,0.9295156865545111,84.41269993782043,61.06207941059953,0.6916426511269258,0.8430870986046575
p08_s07,data/raw/p08_s07.png,95.01579999923706,40.79867161132622,0.9189815123195896,88.18962574005127,58.56516295151482,0.7428401649690018,74.03558492660522,49.203595932844294,0.4863563179553894,0.7160593317479936
p08_s09,data/raw/p08_s09.png,87.82792687416077,52.59536570528934,0.8021421779944812,75.74833631515503,64.9808687850835,0.4567863606475421,91.70345664024352,66.13182895188237,0.8358727871395522,0.6982671085938584
p08_s10,data/raw/p08_s10.png,78.53617072105408,63.79207480271687,0.6511040913798551,89.52299356460571,86.602973249223,0.7734973521581673,80.35774827003479,37.21618006894602,0.6114251573275543,0.6786755336218588
p08_s11,data/raw/p08_s11.png,82.96579122543335,65.00509194393175,0.72310785411169,85.0600004196167,70.55427832727888,0.6708828944292128,77.31633186340332,70.72487901384044,0.5512580279192035,0.6484162588200354
p08_s13,data/raw/p08_s13.png,82.52865076065063,71.79606679491435,0.7160021080832027,83.94331932067871,80.79555333253023,0.6452078324918329,84.70987677574158,56.497058413881746,0.6975215821491232,0.686243840908053
p08_s17,data/raw/p08_s17.png,97.55367040634157,83.4876932810404,0.9602347570290717,81.18152618408203,65.06032327837548,0.5817078682605156,99.04865622520448,92.02706302294128,0.9811799450134002,0.8410408567676626
p08_s18,data/raw/p08_s18.png,82.55906105041504,44.177380370707276,0.7164964292754217,90.97801446914671,85.90963132021783,0.8069516229251763,94.13806200027466,55.685757243198154,0.8840356152994411,0.8024945558333464
p08_s20,data/raw/p08_s20.png,98.08765649795532,65.4708398403293,0.9689147348747235,83.26821327209473,76.12692692465119,0.6296855946495533,78.45857739448547,53.89699817655235,0.573854616316268,0.7241516486135149
p08_s22,data/raw/p08_s22.png,93.37489008903503,87.9032500029938,0.8923084174750777,91.19476675987244,82.75707299413388,0.8119352556693362,95.8690881729126,90.57367073004427,0.9182798166232912,0.8741744965892351
p08_s23,data/raw/p08_s23.png,89.28457498550415,70.14776880176079,0.8258200855915885,92.65388250350952,45.91375644550809,0.845483676187349,77.23820805549622,67.90314849105492,0.5497125357432651,0.7403387658407342
p08_s24,data/raw/p08_s24.png,91.6476547718048,86.36915604977531,0.8642320976546918,90.7002091407776,82.66287042751526,0.8005642406911664,99.11859035491943,86.75943312021714,0.9825634240475257,0.882453254131128
p08_s25,data/raw/p08_s25.png,75.84902048110962,60.17648470563335,0.6074242935031594,77.85027027130127,52.28539934994202,0.5051146475359489,76.21425986289978,54.81819827630201,0.5294561764768827,0.5473317058386636
p08_s27,data/raw/p08_s27.png,89.02701139450073,59.43740914361157,0.8216333730556873,88.70812654495239,82.3548675089619,0.7547616887532572,82.45168328285217,43.941053756206884,0.6528486396939155,0.7430812338342866
p08_s28,data/raw/p08_s28.png,84.2822253704071,65.31012275433301,0.7445065747770528,88.19108009338379,74.99914974568188,0.7428736038907556,85.86799502372742,78.41675742895279,0.7204321741827577,0.7359374509501887
p09_s05,data/raw/p09_s05.png,97.99211025238036,61.639125940925446,0.9673616245824318,85.61180233955383,80.89811089562632,0.6835700872947721,79.00919914245605,68.59285489108407,0.584747347049542,0.7452263529755819
p09_s06,data/raw/p09_s06.png,97.32379913330078,39.9274914570134,0.9564981848810672,82.07602500915527,41.93821265119248,0.6022744496762044,72.53386974334717,64.01095151382151,0.4566484846022958,0.6718070397198558
p09_s07,data/raw/p09_s07.png,74.62666034698486,50.57026962203562,0.5875547518610801,83.58178734779358,66.05964822446232,0.6368953824960402,69.54551339149475,57.58077405773866,0.39753102112437944,0.5406603851604999
p09_s11,data/raw/p09_s11.png,96.6842532157898,68.42301284811866,0.9461023253587789,79.85838651657104,54.40914564539406,0.5512858498817167,92.47042536735536,77.26416646859946,0.8510454239924604,0.7828111997443187
p09_s12,data/raw/p09_s12.png,100.0,100.0,1.0,83.27661752700806,58.55648298188283,0.6298788277629663,98.06295037269592,73.46063588495049,0.9616801187294561,0.8638529821641407
p09_s15,data/raw/p09_s15.png,73.26390743255615,57.5100968275284,0.565403116655393,85.07776260375977,11.174545083564517,0.6712912878178445,74.52238202095032,66.58089901119918,0.49598643098667594,0.5775602784866378
p09_s16,data/raw/p09_s16.png,73.75597357749939,68.37853292841385,0.573401683104558,86.43260598182678,77.27828200998344,0.7024422472819227,80.74182868003845,45.23426455650643,0.6190232671034851,0.631622399163322
p09_s17,data/raw/p09_s17.png,76.98209285736084,58.978250691768984,0.625842456968163,77.655029296875,57.681736745822946,0.5006256093352699,80.0433099269867,76.90069180705096,0.6052047488245056,0.5772242717093129
p09_s18,data/raw/p09_s18.png,79.49256896972656,68.76561194207531,0.6666504056761869,85.48558354377747,79.49853814327966,0.6806680274297832,83.80723595619202,48.78610055966514,0.6796649983282814,0.6756611438114172
p09_s22,data/raw/p09_s22.png,79.49278354644775,46.15699674398095,0.666653893634423,80.46600222587585,50.17703800235437,0.5652563298919567,85.5246365070343,80.31713941849046,0.7136396494030894,0.648516624309823
p09_s23,data/raw/p09_s23.png,88.16370964050293,82.36820500050646,0.8076003481951197,80.33288717269897,56.469126420296675,0.56219570923816,94.2628800868988,42.89454314485253,0.8865048417934006,0.7521002997422267
p09_s24,data/raw/p09_s24.png,90.7853364944458,70.1880641125417,0.8502150592693726,83.33743214607239,79.48514171054052,0.6312770954623658,87.78944611549377,81.61796987527022,0.7584434758374909,0.7466452101897431
p09_s25,data/raw/p09_s25.png,69.45512294769287,37.96524133760278,0.5034910828652163,87.29920983314514,79.30106392967096,0.7223674592147938,69.73850727081299,55.74082164545884,0.4013489421715079,0.5424024947505061
p09_s27,data/raw/p09_s27.png,82.18384981155396,63.41578493288317,0.710397346748925,83.95956754684448,63.47540814312938,0.6455814165110981,85.10282635688782,44.5929549146347,0.7052951472052703,0.6870913034884311
p6_seed22,data/raw/p6_seed22.jpg,86.37614250183105,68.36439172501308,0.7785433307840557,68.66333484649658,29.91598070516041,0.29388591242894585,74.40550327301025,61.69427904267723,0.4936742652677488,0.5220345028269168
p6_seed23,data/raw/p6_seed23.jpg,83.00375938415527,60.21978698708402,0.7237250289439979,70.28958797454834,63.67630781138252,0.3312772050981749,69.94258761405945,64.3602799377736,0.40538618231890683,0.48679613878702654
p6_seed26,data/raw/p6_seed26.jpg,86.96486949920654,44.10543062814135,0.7881131255307934,80.25879263877869,75.63801862266381,0.5604921058106157,88.16636204719543,77.26440636670641,0.7658998535927092,0.7048350283113728
p6_seed27,data/raw/p6_seed27.jpg,80.58673143386841,78.36209710691682,0.6844360860477359,82.64213800430298,51.78336034640598,0.6152906870136111,84.22677516937256,49.67323479547947,0.6879645754845936,0.6625637828486469
p6_seed29,data/raw/p6_seed29.jpg,89.47063684463501,81.64540439593617,0.8288445329330837,80.69214820861816,57.766317580556155,0.5704559451799028,92.18559861183168,74.20242217318203,0.8454108097314246,0.748237095948137
p7_seed10,data/raw/p7_seed10.jpg,65.55216312408447,14.577970336573273,0.4400482229603668,73.70896935462952,38.588247981463375,0.40989663261835263,75.2263605594635,59.71577648484341,0.5099129580268639,0.4532859378685277
p7_seed13,data/raw/p7_seed13.jpg,81.52494430541992,39.89237452370249,0.6996867958835699,90.19001126289368,40.86750432621172,0.7888336202593819,82.30662941932678,55.8058514825494,0.6499790968852148,0.7128331710093888
p7_seed14,data/raw/p7_seed14.jpg,92.26824045181274,66.62149925672954,0.8743197573117415,80.73676824569702,73.18557828525876,0.5714818622628887,100.0,100.0,1.0,0.8152672065248767
p7_seed15,data/raw/p7_seed15.jpg,66.0348117351532,54.107328236279656,0.4478937067980645,84.79641675949097,21.24495527383663,0.6648225009956302,59.94414687156677,40.21042335619781,0.20759101138354566,0.4401024063924135
p7_seed16,data/raw/p7_seed16.jpg,93.56253147125244,47.91348561189541,0.8953585400646987,86.81621551513672,75.39268755167572,0.7112623110735182,86.96237206459045,57.82401866449393,0.7420817993033317,0.7829008834805163
p7_seed2,data/raw/p7_seed2.jpg,92.94255375862122,85.84130788174409,0.8852807629559846,91.15740656852722,46.204964245054086,0.8110762591055966,97.28658199310304,42.38788768841475,0.9463215322952979,0.880892851452293
p7_seed21,data/raw/p7_seed21.jpg,77.75259017944336,71.79700016016145,0.6383669398916766,88.09181451797485,86.673807632127,0.7405912604363012,61.2317681312561,40.22781797847777,0.2330635099180283,0.537340570082002
p7_seed22,data/raw/p7_seed22.jpg,79.05147671699524,58.21836022113581,0.6594804230835207,79.85175251960754,68.63028648331495,0.5511333190624056,81.56850934028625,76.54413211247198,0.6353771613469895,0.6153303011643053
p7_seed23,data/raw/p7_seed23.jpg,82.60962963104248,59.02586388825821,0.7173184247663638,74.36347007751465,68.53628553809601,0.42494510672086705,80.81572651863098,71.87725913853248,0.6204851586116322,0.587582896699621
p7_seed25,data/raw/p7_seed25.jpg,75.00593662261963,60.305302607209754,0.5937199118186025,82.88582563400269,69.93388019367751,0.6208936250340215,66.39375686645508,45.45697847954071,0.33518107710086326,0.5165982046511625
p7_seed26,data/raw/p7_seed26.jpg,77.47366428375244,65.64439091226899,0.6338329817358396,73.66911172866821,62.69129648070926,0.4089802142996342,73.97579550743103,64.83559600775953,0.4851735276893607,0.5093289079082782
p7_seed27,data/raw/p7_seed27.jpg,87.24005818367004,76.01648762065528,0.7925863350806873,73.61812591552734,70.83814437255064,0.4078079334115951,91.0437822341919,77.21516381169687,0.8228227111059832,0.6744056598660885
p7_seed29,data/raw/p7_seed29.jpg,94.2657709121704,82.47591795220451,0.9067897418566951,77.676522731781,34.94680988298268,0.5011197927444667,79.74509596824646,61.10998311576721,0.5993053008542184,0.6690716118184601
p7_seed4,data/raw/p7_seed4.jpg,91.19818210601808,75.34013379333227,0.856925890915366,86.38476729393005,85.91597224953885,0.7013423260278426,92.40886569023132,86.06565064156604,0.849827613418485,0.8026986101205645
p7_seed6,data/raw/p7_seed6.jpg,93.42185258865356,75.97783976056894,0.8930717958901098,85.31209230422974,83.70461114005239,0.6766790655630361,83.34748148918152,44.090582568111,0.6705698588227623,0.7467735734253028
p7_seed9,data/raw/p7_seed9.jpg,92.15402603149414,85.33989423281714,0.8724631946529212,78.49740386009216,56.39977181740191,0.5199937343135141,89.51120972633362,77.00190862746933,0.7925044395904699,0.7283204561856351
p8_seed0,data/raw/p8_seed0.jpg,73.17651510238647,54.47890838011567,0.5639825487760682,63.360416889190674,0.0,0.17195965511863567,69.81205940246582,52.25351701280504,0.4028039946969585,0.37958206619722085
p8_seed1,data/raw/p8_seed1.jpg,82.03667998313904,44.711990036758586,0.7080050918376981,87.97060251235962,85.45345221502667,0.7378043181707924,93.1219518184662,61.37679728807056,0.8639343122786803,0.7699145740957235
p8_seed10,data/raw/p8_seed10.jpg,72.621750831604,51.128215095918776,0.5549648203079005,79.4835090637207,62.72503856995531,0.542666556665405,74.45833683013916,64.88844495514202,0.4947194504853821,0.5307836091528958
p8_seed14,data/raw/p8_seed14.jpg,71.98319435119629,67.76532868299255,0.5445850441485891,79.98791933059692,50.83351120765427,0.5542641066339806,79.95088696479797,71.78967790988084,0.6033763821746161,0.5674085109857286
p8_seed15,data/raw/p8_seed15.jpg,69.1923201084137,62.98866641219755,0.49921920601572034,76.85544490814209,68.97653456789654,0.4822413286982969,74.99451637268066,71.37055634467733,0.5053264768208305,0.49559567051161596
p8_seed17,data/raw/p8_seed17.jpg,76.15463137626648,69.31961994044617,0.61239201802073,80.16416430473328,51.426942808492825,0.5583163831804417,73.60165119171143,63.30713213035779,0.47777197970921,0.5494934603034606
p8_seed19,data/raw/p8_seed19.jpg,78.0826210975647,70.9509933078469,0.6437316134340455,77.33722925186157,65.9008593781194,0.49331865675303144,77.81388759613037,59.363645564272375,0.5611009748085483,0.5660504149985418
p8_seed2,data/raw/p8_seed2.jpg,91.38681292533876,7.69034198801804,0.859992096867964,79.59234714508057,74.51082052302897,0.5451689940064844,85.04788279533386,41.10927379404804,0.7042082206104888,0.7031231038283124
p8_seed20,data/raw/p8_seed20.jpg,95.15541195869446,74.72631225163536,0.9212509135907275,80.52586913108826,75.53369012797586,0.5666328074743117,84.35381054878235,76.67557729767513,0.6904776657986071,0.7261204622878822
p8_seed21,data/raw/p8_seed21.jpg,73.83060455322266,68.45798834679512,0.5746148143565717,71.5833306312561,36.43350412286831,0.3610233187143119,68.36678385734558,55.93880939936029,0.37421268422583337,0.43661693909890564
p8_seed23,data/raw/p8_seed23.jpg,75.68718791007996,65.97907224835986,0.6047936947791418,80.27374148368835,61.60760364161794,0.5608358140719206,60.99693179130554,47.93652535894686,0.22841783613762084,0.46468244832956107
p8_seed25,data/raw/p8_seed25.jpg,61.584240198135376,49.29541948738032,0.37554938369957946,75.97295045852661,74.90235960401994,0.4619507554318377,54.48554158210754,29.303874308019754,0.09960559704702146,0.3123685787261462
p8_seed26,data/raw/p8_seed26.jpg,76.25263929367065,58.89103029294749,0.6139851429450062,87.42604851722717,56.55000712924379,0.7252837717349566,66.8029248714447,64.85069960697915,0.3432754847762771,0.5608481331520799
p8_seed27,data/raw/p8_seed27.jpg,73.6627995967865,0.0,0.5718871341283197,84.30421352386475,64.69893485133515,0.653505618698168,82.74888396263123,74.6587720046992,0.6587280423700919,0.6280402650655265
p8_seed28,data/raw/p8_seed28.jpg,76.72336101531982,66.36712182079049,0.6216367544374216,74.07618165016174,65.64310812655393,0.41833968627165075,84.92839932441711,51.54448842495212,0.7018445266943476,0.5806069891344733
p8_seed29,data/raw/p8_seed29.jpg,65.4374361038208,46.73804796320607,0.43818332795687176,71.23433351516724,64.65262485446856,0.3529990738515033,60.07079482078552,44.04691983385007,0.21009643732039932,0.3337596130429248
p8_seed5,data/raw/p8_seed5.jpg,82.1101427078247,68.58966997884545,0.7091992330948717,85.3515088558197,53.80903978091579,0.6775853425694194,69.47993636131287,37.62574457402364,0.3962337368549299,0.5943394375064069
p8_seed8,data/raw/p8_seed8.jpg,91.60616397857666,68.8732430668579,0.863557662174677,89.15968537330627,44.8410189391135,0.7651440628235113,68.53829026222229,58.39061953159299,0.3776055271243192,0.6687690840408358
p8_seed9,data/raw/p8_seed9.jpg,83.86334776878357,64.62025591907235,0.7376976927495377,75.37853717803955,65.69517621980492,0.4482838295678459,86.09361052513123,65.91117234994651,0.7248954357867574,0.6369589860347137
p9_seed1,data/raw/p9_seed1.jpg,95.84060907363892,90.84119641549012,0.932388836227717,86.46231293678284,80.7241035734001,0.7031252783721714,100.0,97.39533102055668,1.0,0.8785047048666295
p9_seed11,data/raw/p9_seed11.jpg,75.50452947616577,66.47115653115739,0.6018245703307781,70.58624029159546,20.036762940616164,0.3380979228673712,70.47612071037292,38.66631970973667,0.4159408550626778,0.4519544494202757
p9_seed12,data/raw/p9_seed12.jpg,86.14004254341125,65.77920649063397,0.7747055109594797,81.9526731967926,40.93676280418748,0.5994383083413939,78.36464047431946,73.24055989371172,0.5719962996387071,0.6487133729798602
p9_seed14,data/raw/p9_seed14.jpg,75.84198713302612,16.251799635547055,0.6073099659832029,82.51091241836548,58.744544556522264,0.612273509549142,73.2632040977478,65.35768956696931,0.4710766156492314,0.563553363727192
p9_seed15,data/raw/p9_seed15.jpg,75.86450576782227,58.601457711234346,0.6076760078225214,87.15218901634216,56.8527242949189,0.7189871131329173,74.1315245628357,60.948394865780315,0.48825425356719276,0.6049724581742105
p9_seed16,data/raw/p9_seed16.jpg,71.77414894104004,55.924187896195534,0.5411869977249308,83.76264572143555,51.310006279696736,0.6410537316877365,86.33580207824707,51.37940082690242,0.72968661481971,0.6373091147441258
p9_seed17,data/raw/p9_seed17.jpg,89.64835405349731,57.781038652672564,0.8317333374542913,77.43053436279297,72.20091408533263,0.49546395544620003,83.08455348014832,50.60832942088146,0.6653684587415081,0.6641885838806665
p9_seed18,data/raw/p9_seed18.jpg,72.94872403144836,61.08648110524389,0.560279790445407,80.04822731018066,70.63144022869491,0.5556507255286708,66.0675585269928,61.39458940558512,0.32872802527263517,0.48155284708223767
p9_seed19,data/raw/p9_seed19.jpg,79.23235297203064,73.13322536228743,0.6624205781009802,74.9718427658081,56.79008825889503,0.43893299141579034,75.90409517288208,41.425645626665634,0.5233203119495835,0.5415579604887847
p9_seed2,data/raw/p9_seed2.jpg,84.82015132904053,75.57068091760755,0.7532505954114262,77.4163007736206,53.20811105053399,0.4951366925562494,83.59327912330627,38.73170441425194,0.6754323755200501,0.6412732211625752
p9_seed21,data/raw/p9_seed21.jpg,100.0,100.0,1.0,80.55000305175781,39.207687037684174,0.5671877017127581,98.4279453754425,85.04881622435005,0.9689006694951363,0.8453627904026315
p9_seed22,data/raw/p9_seed22.jpg,73.20451140403748,40.0671174488537,0.5644376304381326,78.37221026420593,64.85303957629375,0.5171152461474663,79.3592631816864,55.94926423103829,0.5916725245108255,0.5577418003654748
p9_seed25,data/raw/p9_seed25.jpg,86.28433346748352,66.07584989499261,0.7770509690977073,88.18016648292542,82.75511801822827,0.7426226749328413,75.98523497581482,52.436280927637014,0.5249254683538751,0.6815330374614744
p9_seed29,data/raw/p9_seed29.jpg,93.1609272956848,80.82132942538446,0.8888304386751783,76.95634365081787,73.32220924239331,0.4845612224173436,84.09968614578247,54.42359962089294,0.6854504239491269,0.6862806950138829
p9_seed4,data/raw/p9_seed4.jpg,62.10993528366089,47.739804232779136,0.3840945907145029,75.37341117858887,68.8246106094852,0.44816597107314005,64.40305709838867,58.44776542516259,0.29579985646390283,0.376020139417182
p9_seed5,data/raw/p9_seed5.jpg,93.1464433670044,85.61063782265616,0.888595001494251,85.43605208396912,30.164581534127574,0.6795291854634977,91.94747805595398,83.13871471894399,0.8407001656153991,0.8029414508577158
p9_seed6,data/raw/p9_seed6.jpg,73.5249400138855,57.35551416856444,0.5696462178494421,81.4190924167633,66.8231597587983,0.5871700613110854,75.11703372001648,73.17805200874757,0.5077501887058092,0.554855489288779
p9_seed7,data/raw/p9_seed7.jpg,75.66173076629639,68.96919560071956,0.6043798872895363,80.2304208278656,80.06314883607912,0.5598397727468951,72.43291139602661,56.90455493011072,0.4546512658278969,0.5396236419547761
p9_seed8,data/raw/p9_seed8.jpg,78.97375822067261,49.51418911321273,0.6582171039880006,88.5168731212616,21.12675824394114,0.7503643334978785,78.39890718460083,67.47079325903668,0.5726741843201346,0.6604185406020046
p9_seed9,data/raw/p9_seed9.jpg,72.08782434463501,63.05913306344492,0.5462858113395364,81.74449801445007,70.64343570981622,0.5946518830087246,82.66472816467285,46.29068563090585,0.6570632217374471,0.599333638695236
5_1,data/raw/5_1.png,91.69092178344728,37.57598104915836,0.8649354056778827,82.59645700454712,78.18446445115633,0.6142403759631164,81.43349289894104,75.61845711795891,0.6327061848634801,0.7039606555014931
5_12,data/raw/5_12.png,99.85973834991456,54.49287611012306,0.9977200379664256,80.20235896110535,69.55454627906558,0.5591945660107613,88.08349370956421,62.233128892470376,0.7642605022749346,0.7737250354173738
5_15,data/raw/5_15.png,93.35319995880128,65.56875856254976,0.8919558430300593,81.89218640327454,75.90280620985149,0.5980475781038652,69.3280041217804,57.19372863418813,0.3932281218732657,0.6277438476690634
5_17,data/raw/5_17.png,80.71160316467285,45.489326169441455,0.6864658839656089,77.08042860031128,59.13067281026009,0.48741422025779224,77.3996651172638,32.714538260989414,0.5529065764895702,0.5755955602376571
5_23,data/raw/5_23.png,82.36369490623474,76.52887159994341,0.713320740189306,75.295090675354,64.18659258602311,0.4463652029098441,83.8172435760498,70.48503705194423,0.6798629750859987,0.613182972728383
7_16,data/raw/7_16.png,69.12307739257812,39.95472682691223,0.49809366127052074,81.01792335510254,81.16436243057251,0.5779462636527418,83.15265774726868,74.39341702912112,0.6667157383327398,0.5809185544186675
7_17,data/raw/7_17.png,73.10248017311096,72.20023664922881,0.5627791062969321,81.03259205818176,60.12354284920377,0.5782835308102663,77.65963673591614,53.51032145907301,0.558049491477419,0.5663707095282058
7_24,data/raw/7_24.png,84.26153659820557,43.34832772605234,0.7441702774704687,69.74331736564636,46.34697991641194,0.31871718977108876,81.59299492835999,68.62247623870411,0.635861549983501,0.5662496724083528
7_26,data/raw/7_26.png,70.7302451133728,57.43184523589026,0.5242182746824274,79.27523255348206,70.7949686945755,0.5378778015717939,77.43449807167053,49.22969427870973,0.5535956629530008,0.538563913069074
8_0,data/raw/8_0.png,86.24979257583618,37.45236026219555,0.7764895047094461,72.64332175254822,53.115861593002656,0.38539494792710216,57.83659815788269,42.35195932231711,0.16589821459513193,0.4425942224105601
8_15,data/raw/8_15.png,78.04986834526062,65.49270043328376,0.6431992153644173,70.22238373756409,23.23175895407347,0.329732025414677,57.98397660255432,26.06918910978279,0.1688137436667925,0.3805816614819622
8_16,data/raw/8_16.png,64.46481943130493,37.43291634000896,0.42237338215053843,69.76994276046753,60.34514587435455,0.3193293687197526,64.39195275306702,34.2761610973067,0.295580183623148,0.34576097816447965
8_24,data/raw/8_24.png,72.69454598426819,70.28056294896017,0.556148110139451,69.4994330406189,47.04320910636627,0.31310972927355596,51.14579796791077,30.988413452643172,0.03353677931198301,0.3009315395749967
8_5,data/raw/8_5.png,70.10852694511414,16.72775893074148,0.5141122063569105,78.71217727661133,65.5998905499406,0.5249318681969268,67.28151440620422,50.909588495230416,0.3527432309252666,0.46392910182636804
8_6,data/raw/8_6.png,73.2029676437378,56.64131608817769,0.5644125365163795,64.98559713363647,42.562989093913146,0.20932627973083326,67.84310936927795,54.140453117858456,0.36385304040241045,0.3791972855498744
8_8,data/raw/8_8.png,73.10305833816528,56.07288418302803,0.5627885044066234,69.65329647064209,33.724107678216754,0.3166474027413887,70.65603137016296,61.72509245235067,0.4194999559887881,0.4329786210456001
p00_s05,data/raw/p00_s05.png,82.43436217308044,48.7079464771116,0.7144694411016832,82.38517045974731,72.78655883761358,0.6093824132650558,88.92409205436707,66.23541155125642,0.7808897245287248,0.7015805262984879
p00_s06,data/raw/p00_s06.png,100.0,97.0852939624791,1.0,86.7604911327362,82.05512872544907,0.7099810796002569,94.77322697639464,75.87533099054713,0.8966008310425195,0.8688606368809255
p00_s10,data/raw/p00_s10.png,76.47736072540283,45.58822189827405,0.6176380040953474,86.2649917602539,77.28703467563635,0.6985884115498037,89.7687017917633,55.86737874108524,0.7975983025644947,0.7046082394032153
p00_s13,data/raw/p00_s13.png,89.88204598426819,59.15877737917934,0.8355320146364417,89.39594626426697,84.75000960604451,0.7705762430713595,97.9416847229004,86.01785093842406,0.9592811686783792,0.8551298087953935
p00_s18,data/raw/p00_s18.png,92.29275584220886,79.31980537259389,0.8747182565402002,84.8975658416748,71.53500086615185,0.6671481505946509,92.67396330833436,24.535453725193207,0.8550719340118353,0.7989794470488955
p01_s01,data/raw/p01_s01.png,90.93345403671265,77.29640680720918,0.8526227193294749,82.23221898078918,23.036962351549423,0.6058657076456999,84.01840925216675,50.869777257421234,0.6838425555344556,0.7141103275032101
p01_s03,data/raw/p01_s03.png,86.15053296089172,76.70982168602308,0.7748760333621267,73.73372316360474,51.59362060762079,0.4104657795119727,72.75581359863281,66.4667360970961,0.4610391114935177,0.5487936414558724
p01_s07,data/raw/p01_s07.png,94.04581785202026,36.11173703410077,0.9032143908893756,79.61680889129639,66.53958607180387,0.5457314257068016,84.81629490852356,65.82556035730634,0.6996268096847306,0.7161908754269692
p01_s12,data/raw/p01_s12.png,85.82468032836914,43.376915670541386,0.7695792781176303,81.28448128700256,68.1070264914671,0.5840750424222059,91.00380539894104,79.8001440100572,0.8220318652965669,0.7252287286121343
p02_s06,data/raw/p02_s06.png,79.66516017913818,74.83804047055143,0.6694558867506467,81.51943683624268,58.853652836271046,0.5894772098673325,74.27932024002075,53.86693788829069,0.49117803658348713,0.583370377733822
p02_s19,data/raw/p02_s19.png,95.20660042762756,77.2517949595257,0.9220829854054623,73.42567443847656,47.239307092084445,0.40338303215919785,87.57147789001465,70.68328496579429,0.75413149724728,0.6931991716039801
p02_s23,data/raw/p02_s23.png,77.25499868392944,51.624323619855666,0.6302785585179356,76.01977586746216,44.44467528041109,0.46302737907649927,69.21187043190002,56.46550952789074,0.39093069534118474,0.4947455443118732
p02_s27,data/raw/p02_s27.png,92.4403429031372,82.59342292096565,0.8771172935924415,78.9593517780304,65.77250976196628,0.5306149774026894,83.1190288066864,75.95723400164225,0.6660504703952526,0.6912609137967944
p03_s06,data/raw/p03_s06.png,90.94884991645812,76.74318290212999,0.852872980332905,90.72376489639282,87.23172864018218,0.8011058415877678,93.0106282234192,79.05560713732683,0.861732041936878,0.8385702879525169
p04_s03,data/raw/p04_s03.png,78.79162430763245,72.93169083950008,0.6552565056597693,86.65688037872314,52.5223081748327,0.7075988305148251,85.99599003791809,34.70315588023077,0.7229642485694293,0.6952731949146745
p04_s04,data/raw/p04_s04.png,82.2130560874939,67.79086636728832,0.7108720966199311,91.45890474319458,31.240813180155396,0.8180083942657184,79.45111989974976,72.18653998138555,0.593489689378712,0.7074567267547872
p04_s07,data/raw/p04_s07.png,91.75698757171632,57.76701768997891,0.8660093092636443,88.30750584602356,51.38916632888361,0.745550499212952,77.72953510284424,42.04621441302293,0.5594322630305761,0.7236640238357243
p04_s08,data/raw/p04_s08.png,77.11360454559326,59.76259607076284,0.6279801878158934,91.61819219589232,51.8748816672375,0.8216707784663209,84.56327319145203,53.53531798800452,0.6946213818317826,0.7147574493713323
p04_s19,data/raw/p04_s19.png,87.02061772346497,67.884085642738,0.7890193164580424,90.20706415176392,83.3984995784825,0.7892257053214207,84.64623093605042,64.0562642789909,0.6962625018519788,0.758169174543814
p04_s29,data/raw/p04_s29.png,67.5148069858551,60.191651395254986,0.4719511236287904,73.6737072467804,67.34014828634034,0.4090858758105856,74.1854727268219,60.76650461827721,0.4893214886083478,0.4567861626825746
p05_s02,data/raw/p05_s02.png,78.91740798950195,68.77944992561723,0.6573011274001452,76.34508609771729,70.80211436854215,0.470507008057958,85.31920313835144,39.23722354187769,0.709575642892378,0.6124612594501605
p05_s03,data/raw/p05_s03.png,86.28329038619995,70.04286492358462,0.7770340137451714,73.00575971603394,58.21412686191657,0.39372822872661034,62.18843460083008,57.14356722714624,0.25198886165545714,0.474250368042413
p05_s20,data/raw/p05_s20.png,80.82822561264038,73.30391959667914,0.6883615892668549,79.96471524238586,58.07564647196651,0.5537305913782948,69.54427361488342,53.68617383316741,0.3975064951174675,0.5465328919208724
p05_s23,data/raw/p05_s23.png,90.21602869033812,73.02708213144638,0.8409609247429893,93.42068433761597,79.17439224719752,0.8631142106372499,92.56359934806824,80.6877620160399,0.8528886477426906,0.8523212610409766
p06_s11,data/raw/p06_s11.png,87.59610652923584,72.79037775187197,0.7983739235591668,80.43590784072876,56.13541089406474,0.5645643908922245,87.95998692512512,73.7354008454829,0.7618172167498242,0.7082518437337385
p06_s12,data/raw/p06_s12.png,83.59917402267456,37.53967252901828,0.733403531722423,79.7560453414917,42.134811173860925,0.5489327913304388,84.79687571525574,75.6496412073851,0.6992426475187729,0.6605263235238782
p06_s14,data/raw/p06_s14.png,89.16550874710083,49.118014142076724,0.8238846563215441,75.6883442401886,74.76493916935237,0.45540700512520005,71.51067852973938,59.60455861693325,0.4364071003497491,0.5718995872654978
p06_s22,data/raw/p06_s22.png,92.88488626480104,75.29661939503862,0.8843433741800697,82.65829086303711,40.94338788368777,0.6156620783166957,92.34210848808289,65.10359151895986,0.8485069822770711,0.7828374782579455
p07_s15,data/raw/p07_s15.png,83.37911367416382,60.42954815409378,0.7298264367759852,85.13984680175781,61.03111477166934,0.6727187460513979,85.6493353843689,43.82172745219245,0.7161065176271536,0.7062172334848457
p07_s24,data/raw/p07_s24.png,91.91102981567384,74.7037780070674,0.8685132757261508,88.26801180839539,78.63362577160377,0.744642440624672,77.5709331035614,8.951907727805425,0.5562947028482653,0.7231501397330294
p08_s00,data/raw/p08_s00.png,93.65678429603577,69.28302537871758,0.8968906257198456,90.8356547355652,84.1979311674218,0.8036784458466258,63.975948095321655,61.05702103220356,0.287350529169234,0.6626398669119018
p08_s02,data/raw/p08_s02.png,86.85382604598999,45.02020700327832,0.7863081071436824,83.40754508972168,78.78853036124397,0.6328891529893711,95.05688548088074,85.59881234865267,0.9022123342585808,0.7738031981305448
p08_s05,data/raw/p08_s05.png,91.24959111213684,81.48386066268563,0.8577615475760653,89.35875296592712,61.6953131668801,0.7697210837609358,87.90101408958435,61.69599503049206,0.7606505806325787,0.7960444039898599
p08_s14,data/raw/p08_s14.png,84.02407169342041,63.67087663187069,0.7403102703560028,97.20742106437685,96.34107116858159,0.950179980884997,72.47880101203918,38.90885073695265,0.45555908182412413,0.7153497776883747
p08_s15,data/raw/p08_s15.png,90.98572731018066,38.0463634945465,0.853472424710847,96.20327949523926,28.093009837483425,0.9270924610854548,84.76504683494568,74.42878060823213,0.6986129894567059,0.826392625084336
p08_s21,data/raw/p08_s21.png,83.59028100967407,70.96649276347927,0.7332589752310882,86.62369847297668,59.58395604879206,0.7068359023287468,99.44876432418825,2.2961919206564474,0.9890951241767652,0.8097300005788668
p09_s01,data/raw/p09_s01.png,80.86094856262207,73.8394725158321,0.6888935028978393,91.68947339057922,58.90950524534819,0.8233096967665385,91.68781638145448,84.7908997408527,0.8355633821292786,0.7825888605978855
p09_s02,data/raw/p09_s02.png,96.83939218521118,59.47221771161589,0.9486241191633803,81.7226231098175,69.33123105316804,0.5941489287348056,85.17593741416931,63.331756795233254,0.7067414741321081,0.749838174010098
p09_s03,data/raw/p09_s03.png,86.46425008773804,31.793326344165504,0.7799755251908337,68.6098039150238,67.50971322938234,0.2926551134278377,69.96418237686157,58.7039449251773,0.40581338291045527,0.4928146738430423
p09_s09,data/raw/p09_s09.png,85.45100688934326,63.60218281113575,0.763505192625158,69.78143453598022,52.309728355956054,0.31959359101951174,77.03438401222229,37.81201869376735,0.5456803658761412,0.5429263831736036
p09_s13,data/raw/p09_s13.png,81.41711354255676,61.671301404258735,0.6979339999822696,87.86698579788208,75.93712069623459,0.7354219320405992,84.57546830177307,77.5760547182379,0.6948626328420802,0.7094061882883164
p09_s14,data/raw/p09_s14.png,84.59573984146118,43.856147516719616,0.7496027724229815,73.8930344581604,61.74759034755414,0.4141287118916207,80.41576743125916,73.9009045822711,0.6125729272856366,0.5921014705334129
p09_s19,data/raw/p09_s19.png,81.5609872341156,77.87980746315452,0.7002726759794828,93.28928589820862,85.85690149527655,0.8600930588747036,87.78415322303772,64.84942167683107,0.758338768654136,0.7729015011694408
p09_s20,data/raw/p09_s20.png,76.26745700836182,72.69120479493536,0.6142260058387452,91.79387092590332,69.84128149543282,0.8257100357604601,68.25375556945801,55.99461547804854,0.37197669062452704,0.6039709107412441
p09_s26,data/raw/p09_s26.png,85.93947887420654,34.88887304761002,0.7714453357738706,89.04575705528259,42.09470061790806,0.7625245892562937,78.19057703018188,52.22859528427089,0.5685528718509654,0.7008409322937098
p09_s28,data/raw/p09_s28.png,75.28443932533264,56.44588170873061,0.5982469909456964,80.20708560943604,76.7344688937478,0.559303242506461,87.2165322303772,67.78344039077963,0.7471097486337805,0.6348866606953126
p09_s29,data/raw/p09_s29.png,98.63475561141968,11.96761778799209,0.9778078657236843,72.82564640045166,71.7867184378044,0.38958701013007474,62.49799728393555,50.1594162409353,0.25811281691978466,0.5418358975911812
p6_seed20,data/raw/p6_seed20.jpg,81.51806592941284,56.655734867190176,0.6995749874445615,64.84119296073914,62.04075783069948,0.20600609629916117,82.11647272109985,58.51177324655625,0.6462173026615965,0.517266128801773
p6_seed24,data/raw/p6_seed24.jpg,100.0,22.42795509032443,1.0,73.81266355514526,68.39908371492933,0.4122808003304424,77.78524160385132,67.50027061916063,0.560534282552688,0.6576050276277101
p7_seed1,data/raw/p7_seed1.jpg,78.0264139175415,24.630403621319257,0.6428179621516807,72.40119576454163,39.39930972572131,0.3798279156341487,78.86201739311218,73.49879801930565,0.5818357091232088,0.5348271956363461
p7_seed12,data/raw/p7_seed12.jpg,79.77283596992493,59.179472695724755,0.6712061635709987,78.17996144294739,47.704098365307345,0.5126950044169527,87.60108351707458,48.69180584301239,0.754717173575798,0.6462061138545832
p7_seed18,data/raw/p7_seed18.jpg,84.94709730148315,70.29460317187171,0.7553141102589136,82.88470506668091,49.96277604051265,0.6208678606188996,80.66691756248474,66.55428512408965,0.6175413303012272,0.6645744337263467
p7_seed19,data/raw/p7_seed19.jpg,80.33195734024048,63.180148855880454,0.6802947169689023,78.19712162017822,51.926693749955284,0.5130895562846947,74.23930764198303,49.330135904642226,0.49038648329310225,0.5612569188488997
p7_seed5,data/raw/p7_seed5.jpg,75.33495426177979,55.17277767263353,0.5990681144470794,86.7247223854065,63.236867293148734,0.7091586739877805,85.82691550254822,76.36845815457988,0.7196195143768092,0.6759487676038898
p7_seed8,data/raw/p7_seed8.jpg,79.85459566116333,29.761029358432516,0.6725351725466295,93.37595701217651,88.91036636818983,0.8620858267485609,81.2030553817749,56.49604843172703,0.6281475312422122,0.7209228435124676
p8_seed11,data/raw/p8_seed11.jpg,75.68463087081909,40.88272486743473,0.6047521299434965,83.31275582313538,20.76165106191942,0.6307097301506424,73.08096289634705,51.53957607481196,0.4674714105466664,0.5676444235469351
p8_seed12,data/raw/p8_seed12.jpg,87.60327696800232,77.1908117606914,0.7984904794968852,75.00914335250854,73.35016961832483,0.4397906175319171,83.19901823997498,68.90961074930006,0.6676328694950537,0.635304655507952
p8_seed22,data/raw/p8_seed22.jpg,83.81325006484985,51.15064084055234,0.7368833513891689,82.3518455028534,76.45915851896774,0.6086161960047067,78.00459861755371,67.24011708216297,0.5648737349871802,0.6367910941270186
p8_seed4,data/raw/p8_seed4.jpg,83.12191963195801,63.76930005915206,0.7256457312792682,68.3219850063324,34.67012657465099,0.28603749599486694,64.14433717727661,52.35678683611953,0.29068170330995563,0.43412164352803023
p8_seed6,data/raw/p8_seed6.jpg,88.3626401424408,61.605712306766954,0.8108339761430439,84.97769236564636,63.17275945613003,0.6689904433206165,87.55619525909424,74.2574548377777,0.753829167046692,0.7445511955034508
p9_seed13,data/raw/p9_seed13.jpg,89.00029063224792,46.4125561048238,0.8211990253675812,86.7944598197937,65.75674604579103,0.7107620976948249,86.65609359741211,68.30796739211476,0.7360228143746219,0.7559946458123425
p9_seed23,data/raw/p9_seed23.jpg,77.29737758636475,70.7912150373683,0.6309674302695383,69.93179321289062,34.2126571695485,0.3230506821677084,76.89197659492493,48.69958039600826,0.5428631766591181,0.49896042969878823
p9_seed24,data/raw/p9_seed24.jpg,67.12304353713989,42.658636767211874,0.4655829838794806,88.02399635314941,73.76428476851234,0.7390319651423909,84.81172919273376,41.30050914423374,0.6995364879477375,0.6347171456565364
p9_seed26,data/raw/p9_seed26.jpg,80.29433488845825,54.902564497387836,0.6796831616248634,76.93390846252441,18.155939820086235,0.48404538593586366,75.61349868774414,58.872505963260494,0.5175715574256112,0.5604333683287794
4_24,data/raw/4_24.png,80.86831569671631,68.64067275715938,0.6890132561306074,88.83953094482422,71.55819151649676,0.7577829775605649,80.31256198883057,70.38923068828596,0.6105312551237099,0.6857758296049606
4_26,data/raw/4_26.png,83.430016040802,71.66840593295507,0.7306538579797387,88.83563876152039,81.66368496870535,0.7576934873314453,82.93712139129639,77.78494610258339,0.6624518684483947,0.7169330712531928
4_29,data/raw/4_29.png,77.13839411735535,44.777300443815356,0.6283831438798759,83.03695917129517,68.89473519497609,0.6243685320011853,73.96896481513977,44.74340997960344,0.4850383988243553,0.5792633582351389
5_10,data/raw/5_10.png,81.89010620117188,48.146384156698076,0.7056225256993489,81.04973435401917,55.35137288753681,0.5786776715437243,74.01798367500305,53.291945533003776,0.4860081194053363,0.5901027722161365
5_13,data/raw/5_13.png,80.40523529052734,53.21621255030252,0.6814858547064837,96.82615399360655,85.31122081333147,0.9414137756845863,84.54646468162537,73.15576945578482,0.6942888657765338,0.7723961653892012
5_16,data/raw/5_16.png,86.97882890701294,72.15920649093532,0.7883400365915886,90.895414352417,58.03512966143087,0.8050524566232777,86.56321167945862,71.80842701699468,0.7341853683856352,0.7758592872001673
5_19,data/raw/5_19.png,80.2991509437561,47.61607027834052,0.6797614469097151,85.28317213058472,80.53817186607594,0.6760141243812772,92.73491501808168,78.57917617602112,0.8562777174093441,0.7373510962334455
5_21,data/raw/5_21.png,92.93527603149414,86.74810822541188,0.8851624630391481,92.292058467865,81.05869909952219,0.8371645109982536,86.8304431438446,82.05570589110108,0.7394719020101126,0.8205996253491715
5_25,data/raw/5_25.png,79.64803576469421,75.03861338609627,0.6691775283058711,84.77424383163452,77.5970887073665,0.6643126944836469,78.89857888221741,67.30458334435652,0.5825589905001224,0.6386830710965468
5_3,data/raw/5_3.png,85.73218584060669,63.06206565099325,0.7680757743424727,78.1963050365448,65.45787129543923,0.5130707811523985,80.31135201454163,47.825719655155844,0.6105073186842717,0.6305512913930476
5_8,data/raw/5_8.png,86.76854372024536,59.73392933281328,0.7849218375203446,90.57164192199708,88.36969819822517,0.7976081851902308,75.34152269363403,55.84787528538035,0.5121911646592975,0.6982403957899576
6_2,data/raw/6_2.png,100.0,100.0,1.0,91.36903285980225,81.5450755459034,0.8159420333550504,100.0,47.83352707829494,1.0,0.9386473444516835
7_1,data/raw/7_1.png,79.78272438049316,58.13112800688709,0.6713669003130394,75.73376297950745,27.820882084468444,0.4564512862061982,73.86723756790161,58.88055772487336,0.4830259692091312,0.5369480519094563
7_14,data/raw/7_14.png,74.68371987342834,65.48895930600399,0.58848225808866,70.62177062034607,60.698211055091484,0.3389148466893961,76.48949027061462,39.609155938701896,0.5349009500113403,0.48743268492979874
7_18,data/raw/7_18.png,72.9482889175415,63.63064050716865,0.5602727176412062,73.7648606300354,51.451219175768294,0.41118170134493,74.8639166355133,63.926643616779614,0.502742874236945,0.491399097741027
7_27,data/raw/7_27.png,74.26363229751587,68.7517605947817,0.581653707852203,78.23607325553894,60.00639152417245,0.5139851437996976,76.13194584846497,41.2544876602414,0.5278277911141216,0.5411555475886741
7_3,data/raw/7_3.png,71.30852341651917,58.90912098091703,0.5336182252406194,71.29669189453125,67.61663695156334,0.35443283614407584,68.80263090133667,55.287624618272865,0.38283487270383365,0.42362864469617634
7_6,data/raw/7_6.png,74.7702956199646,48.58703885414114,0.5898895523491423,85.62612533569336,68.77835392571228,0.683899405856142,79.69196438789368,43.488676857369,0.5982542199618467,0.624014392722377
7_8,data/raw/7_8.png,87.03500628471375,66.71773096977705,0.7892532034353095,82.36152529716492,61.99858680585682,0.6088387566970349,89.64998126029968,58.67959619943398,0.795249701575684,0.7311138872360093
8_11,data/raw/8_11.png,72.9391098022461,70.1474224987126,0.56012351053889,65.7776415348053,55.45561750767383,0.22753719874477976,66.09897017478943,55.295341242698996,0.3293494293900683,0.372336712891246
8_25,data/raw/8_25.png,78.08834314346313,11.084253289805488,0.6438246256536713,78.42514514923096,60.123385306355416,0.5183323406724458,73.83636236190796,65.37833284192473,0.4824151773062273,0.5481907145441148
8_3,data/raw/8_3.png,66.99990034103394,48.30257634368172,0.4635812834029528,68.39911937713623,60.6599608456171,0.28781099225066703,64.7657036781311,55.73581969026843,0.30297394931264393,0.35145540832208794
p00_s00,data/raw/p00_s00.png,73.63874912261963,66.86918513375723,0.5714961921427055,82.50418901443481,63.619261612678024,0.6121189230584115,62.109726667404175,27.912264347848286,0.25043181395703124,0.4780156430527161
p00_s08,data/raw/p00_s08.png,86.99649572372437,78.57280988168601,0.7886272118196829,88.00040483474731,87.42528709818296,0.7384895419772216,85.73521375656128,72.88344976640961,0.7178054152597867,0.7483073896855638
p00_s15,data/raw/p00_s15.png,77.23528742790222,72.68947480583641,0.6299581507988709,86.19586825370789,52.557182094866675,0.6969991034531717,84.27136540412903,51.43465534061357,0.6888466863389611,0.6719346468636679
p00_s20,data/raw/p00_s20.png,95.68288922309875,86.38057870935236,0.9298250900365552,85.7205867767334,84.35620758119649,0.686071291233,82.96540975570679,54.33127145419049,0.6630114858945687,0.7596359557213747
p00_s26,data/raw/p00_s26.png,75.64660906791687,55.87490984309765,0.6041340831216296,84.66649651527405,54.491665654592836,0.6618353363338828,81.60051703453064,70.12461059355455,0.6360103568138995,0.6339932587564706
p01_s02,data/raw/p01_s02.png,81.88795447349548,75.24198189933357,0.7055875492292606,78.18920612335205,70.05339301076074,0.5129075608417071,91.08598232269289,52.30422568510083,0.8236575386489486,0.6807175495733055
p01_s16,data/raw/p01_s16.png,72.81370759010315,70.91402063107334,0.5580850896131558,85.8055591583252,62.72404414370134,0.688025001349891,82.1538507938385,58.466545298163595,0.6469567381872935,0.6310222763834467
p01_s25,data/raw/p01_s25.png,81.1066746711731,68.13540260787315,0.6928877964043898,73.89713525772095,67.29129419735465,0.4142229986873854,84.30489897727966,59.47926442448791,0.689510067660532,0.5988736209174358
p01_s28,data/raw/p01_s28.png,90.03083109855652,54.73374141848833,0.837950526122167,70.63612341880798,60.03805544829624,0.3392448504745724,68.50658655166626,44.53031966209975,0.3769783452456424,0.5180579072807939
p02_s04,data/raw/p02_s04.png,92.33099818229675,72.12561502709224,0.8753398882080319,81.14020228385925,69.19119978175323,0.5807577369305208,71.63894772529602,51.01647030855485,0.43894459875717995,0.6316807412985775
p02_s14,data/raw/p02_s14.png,85.99088788032532,81.96072667074095,0.7722809924345702,85.09378433227539,36.11897262558354,0.6716596641361808,72.97830581665039,49.56771629416298,0.46544058642625835,0.6364604143323365
p02_s17,data/raw/p02_s17.png,87.36803531646729,71.68511888022772,0.7946666115052531,81.5977394580841,59.42360958119014,0.5912775668963446,92.50075221061708,53.63604662618874,0.8516453678538456,0.7458631820851478
p02_s25,data/raw/p02_s25.png,70.89459300041199,33.6404196996576,0.5268897600279889,83.5733711719513,47.28935523199881,0.6367018752931045,79.7714114189148,20.09754852456978,0.599825888933624,0.5878058414182391
p02_s26,data/raw/p02_s26.png,79.13936376571655,69.41423850634337,0.660909032644334,73.0411171913147,64.31702758403645,0.39454117825055796,88.71592283248901,30.52131210669037,0.7767715957239143,0.6107406022062688
p03_s00,data/raw/p03_s00.png,97.43969440460204,89.56897611621413,0.9583820698794021,94.33479309082033,76.53828000484135,0.8841316693175695,80.9696614742279,63.05240414886654,0.6235303925275388,0.8220147105748369
p03_s05,data/raw/p03_s05.png,83.9382529258728,53.68531042384718,0.7389152808370751,83.76688361167908,78.23464347986025,0.6411511705130106,93.1723415851593,57.16461272952365,0.8649311529634579,0.7483325347711812
p03_s13,data/raw/p03_s13.png,84.47147607803345,57.26204088733358,0.7475828570534436,92.04311966896056,53.42073812571278,0.8314408365431497,93.78096461296082,67.59776702304293,0.87697129991433,0.8186649978369744
p03_s19,data/raw/p03_s19.png,95.96951007843018,86.5500226167974,0.9344841302502431,89.81109857559204,80.56497605959085,0.7801215477396797,88.10098171234131,83.4201940615406,0.764606460468587,0.8264040461528367
p03_s25,data/raw/p03_s25.png,96.55441045761108,84.10336600154362,0.943991723075106,82.04963207244873,59.8666519982739,0.6016676154732307,76.2183666229248,38.478393052834505,0.5295374188747787,0.6917322524743718
p03_s29,data/raw/p03_s29.png,78.00309658050537,43.166988020269415,0.6424389373567061,82.14341402053833,68.90297639277941,0.6038238777473022,72.71244525909424,64.23744135793241,0.46018117290557775,0.568814662669862
p04_s05,data/raw/p04_s05.png,77.22671031951904,27.508960015736818,0.6298187293571611,91.2245273590088,54.98349759322484,0.8126195201624368,73.3733594417572,37.28565403408193,0.47325577494605897,0.6385646748218856
p04_s09,data/raw/p04_s09.png,69.70043182373047,43.18235655056722,0.5074785942307524,83.25045108795166,71.19479248907076,0.6292772012609215,84.38612818717957,69.31124878962385,0.6911169927672451,0.6092909294196397
p04_s10,data/raw/p04_s10.png,100.0,71.08659697371343,1.0,91.5659487247467,48.67660628189624,0.8204695811336508,82.51096606254578,57.284638123936304,0.6540214073128888,0.8248303294821798
p04_s16,data/raw/p04_s16.png,88.17732334136963,75.95677527224794,0.8078216397676458,93.64581108093262,57.72960168224895,0.8682903912710161,89.41746354103088,65.37462196958835,0.7906498961447417,0.8222539757278012
p04_s23,data/raw/p04_s23.png,74.66940879821777,17.71421653771066,0.588249630651867,96.80851101875304,93.44316862772176,0.9410081231911801,85.04466414451599,53.4658450334213,0.7041445473233136,0.7444674337221202
p04_s27,data/raw/p04_s27.png,82.89566040039062,61.72032800294525,0.7219678730949026,90.61812162399292,77.74568212504855,0.7986768602387375,99.74787831306458,97.05652868354055,0.9950123770847622,0.8385523701394675
p05_s01,data/raw/p05_s01.png,92.28070974349976,71.15370916307762,0.8745224464403424,86.67516708374023,59.53777454870404,0.70801928384245,74.96410012245178,70.45182058412912,0.5047247642570238,0.6957554981799388
p05_s07,data/raw/p05_s07.png,74.26490187644958,48.755031423352236,0.5816743449384324,85.7530951499939,58.13550856654682,0.6868187333610529,69.23835873603821,59.787641222921856,0.3914547029119386,0.5533159270704747
p05_s13,data/raw/p05_s13.png,91.96332693099976,68.73878384905386,0.8693633686584378,83.02195072174072,69.72842886629422,0.6240234532922675,82.66862034797668,71.26183206533526,0.6571402192495313,0.7168423470667454
p05_s19,data/raw/p05_s19.png,94.83569264411926,82.80264609404118,0.9160538558191423,81.2642514705658,68.2137045606134,0.5836099125024018,77.8810977935791,55.8729000503527,0.5624305673755645,0.6873647785657028
p05_s26,data/raw/p05_s26.png,88.9293909072876,74.34386843967896,0.8200465458337817,79.59451079368591,65.99458394949937,0.5452187412548313,74.79796409606934,51.24849377717787,0.5014381614173249,0.6222344828353126
p05_s29,data/raw/p05_s29.png,68.67053508758545,63.40027125231652,0.49073755735087443,85.97428798675537,42.30893115109935,0.6919044644523705,100.0,91.38122484178466,1.0,0.7275473406010816
p06_s06,data/raw/p06_s06.png,87.41008043289185,73.91287265670614,0.7953500575440443,84.7338318824768,67.0398152755969,0.6633835310021289,89.02966380119324,75.239563622117,0.782978208348075,0.747237265631416
p06_s13,data/raw/p06_s13.png,88.54153156280518,79.9691983475414,0.8137418675468207,84.55549478530884,58.53538941627504,0.6592831517444565,88.85350823402405,63.017855691255726,0.7794933929236693,0.7508394707383155
p06_s21,data/raw/p06_s21.png,84.20476913452148,56.530606462533335,0.7432475187415989,85.86565256118774,49.93069034735943,0.6894066866331748,87.07500100135803,60.886270822143395,0.7443098927004884,0.7256546993584206
p06_s25,data/raw/p06_s25.png,74.82891082763672,59.62033133181382,0.590842346273933,95.53985595703124,47.874573738360006,0.9118388309752952,77.34753489494324,50.774840634700105,0.5518753050643197,0.6848521607711827
p06_s29,data/raw/p06_s29.png,86.79102063179016,59.943727877398295,0.7852872011455617,79.5936107635498,72.20597056637503,0.5451980474958771,91.1378800868988,81.21819084056571,0.8246842114479028,0.7183898200297806
p07_s02,data/raw/p07_s02.png,85.22467613220215,74.99544294126417,0.759826171788047,86.89540028572083,80.6968800317002,0.7130829507272006,83.69576930999756,70.4058052526602,0.6774598980626046,0.7167896735259508
p07_s06,data/raw/p07_s06.png,86.74361109733582,66.84284531359327,0.7845165561508715,84.47386026382446,61.24712245954134,0.6574061866938856,79.3538749217987,67.20511548756832,0.5915659307115543,0.6778295578521037
p07_s11,data/raw/p07_s11.png,77.64676809310913,34.46329644820715,0.6366467951549741,80.33843040466309,69.22431009079669,0.5623231608661559,89.9117648601532,73.34120629131776,0.8004284622659424,0.6664661394290241
p07_s16,data/raw/p07_s16.png,93.7691569328308,70.01553744065005,0.8987172500704734,91.66622757911682,72.38702451948265,0.8227752221975237,70.76511979103088,42.87873584331649,0.421658008770052,0.7143834936793497
p07_s19,data/raw/p07_s19.png,91.02181196212769,60.52440735111278,0.8540589830208615,77.553391456604,70.4054807008621,0.49828872206582375,77.14861035346985,70.01060442322483,0.547940060089896,0.6334292550588604
p07_s26,data/raw/p07_s26.png,100.0,100.0,1.0,75.9853720664978,41.181149451976474,0.4622363567143574,71.28040790557861,66.63520573247308,0.43185174830633477,0.631362701673564
p08_s04,data/raw/p08_s04.png,88.41174840927124,73.0561727886153,0.8116322341404356,88.0772054195404,80.9058833326668,0.7402553637263897,74.020916223526,55.38494339087962,0.4860661328447627,0.679317910237196
p08_s08,data/raw/p08_s08.png,86.21348142623901,73.43989250621446,0.7758992646657381,94.80741024017334,66.45668796791557,0.8949982225294462,84.41913723945618,34.5057420931305,0.6917699977012765,0.7875558282988203
p08_s12,data/raw/p08_s12.png,82.49672651290894,36.13517938537873,0.7154831774078744,83.88415575027466,74.30640187712332,0.6438475261913096,77.14254260063171,14.590739027080938,0.5478200241522211,0.6357169092504683
p08_s16,data/raw/p08_s16.png,91.09690189361572,85.0189322874461,0.8552795746279911,74.22783374786377,53.402390776155784,0.42182651613304645,90.92921614646912,76.64943065417724,0.8205562958230265,0.6992207955280213
p08_s19,data/raw/p08_s19.png,78.12621593475342,16.138077866896946,0.6444402502823188,81.52326345443726,67.17423644051625,0.589565192604078,85.15217304229736,44.0173988802116,0.7062713530284637,0.6467589319716202
p08_s26,data/raw/p08_s26.png,81.8903923034668,61.17803157401664,0.7056271763103302,90.547513961792,81.47676825118863,0.7970534279965458,80.86245656013489,64.49868952812952,0.621409600410622,0.7080300682391659
p08_s29,data/raw/p08_s29.png,88.35219144821167,73.52003968380316,0.8106641319544983,87.54663467407227,58.648657152252376,0.7280563243005305,70.2851951122284,62.69166227542122,0.41216384999823424,0.6502947687510877
p09_s00,data/raw/p09_s00.png,93.69423985481262,60.23273241754367,0.8974994682074787,85.63336133956909,69.1136107061124,0.684065778196343,75.17881989479065,20.00688494740168,0.5089724799925855,0.6968459087988025
p09_s04,data/raw/p09_s04.png,76.64355039596558,40.875343687685,0.6203394277491009,85.23165583610535,53.72616259170644,0.6748296465094837,66.27200841903687,61.552284019635714,0.3327725760567098,0.5426472167717648
p09_s08,data/raw/p09_s08.png,86.4858865737915,66.64449896636854,0.7803272276462934,89.11540508270264,44.04350405839491,0.7641259572919188,86.85240149497986,70.53817342990098,0.739906295324842,0.7614531600876847
p09_s10,data/raw/p09_s10.png,77.26820111274719,67.71161964647033,0.6304931648371761,83.6686909198761,63.67003056346181,0.6388934951155877,76.01936459541321,2.0454352308979264,0.525600641024923,0.5983291003258956
p09_s21,data/raw/p09_s21.png,67.9318904876709,40.458746003857065,0.4787308424499438,91.38680696487428,20.338519048907905,0.816350700833205,63.18368315696716,35.96546919930306,0.27167746744452625,0.5222530035758917
p6_seed21,data/raw/p6_seed21.jpg,84.35786962509155,75.93260930184817,0.7457361769429587,73.67880940437317,68.0633494928772,0.4092031861262463,81.38002753257751,61.812684407116116,0.6316485008154012,0.5955292879615355
p6_seed25,data/raw/p6_seed25.jpg,69.95049715042114,67.5852983248152,0.5115434220038524,72.98798561096191,71.37059454123445,0.39331956124845596,83.92437100410461,74.66306971055545,0.6819822343274836,0.5289484058599306
p6_seed28,data/raw/p6_seed28.jpg,83.16726088523865,75.50045515148682,0.726382756232073,67.6163375377655,50.61191180764041,0.26981304079575874,73.17327857017517,44.82258067141202,0.4692976547536501,0.48849781726049396
p7_seed0,data/raw/p7_seed0.jpg,84.72005128860474,79.88403073544845,0.7516234628943494,84.30549502372742,63.352978722133244,0.6535350833218445,73.76520037651062,61.75733508414446,0.4810074080921791,0.6287219847694577
p7_seed11,data/raw/p7_seed11.jpg,85.46945452690125,66.97783359788987,0.763805060145722,82.54529237747192,74.85690241769704,0.6130639837322387,82.6327383518219,48.42881157677852,0.6564303800110214,0.6777664746296607
p7_seed17,data/raw/p7_seed17.jpg,66.90500974655151,54.58505047915161,0.46203883076082686,81.07434511184692,71.24695775467498,0.5792435293630736,70.66829800605774,58.97370618710549,0.41974262196102285,0.48700832736164107
p7_seed20,data/raw/p7_seed20.jpg,96.10943794250488,73.2554776077308,0.9367586665710061,81.44640922546387,68.6869912110105,0.5877981374520583,77.00956463813782,34.87497153453877,0.5451893740839227,0.689915392702329
p7_seed24,data/raw/p7_seed24.jpg,79.41348552703857,73.81808670401173,0.665364899290777,99.37423467636108,85.96969746098577,1.0,65.39720892906189,41.421702264743985,0.31546676616993446,0.6602772218202372
p7_seed28,data/raw/p7_seed28.jpg,100.0,100.0,1.0,79.96090650558472,47.17417887188173,0.5536430197758332,83.64284038543701,69.96338045896316,0.6764128262290551,0.743351948668296
p7_seed3,data/raw/p7_seed3.jpg,81.50557279586792,52.87720227956281,0.6993719107650453,79.08655405044556,66.07908036915283,0.5335396496532905,64.36707973480225,45.29810306617717,0.2950881306094766,0.5093332303426041
p7_seed7,data/raw/p7_seed7.jpg,80.58501482009888,52.47064413766467,0.6844081823818482,75.45973658561707,68.82827008774584,0.4501507903508429,75.79067945480347,65.85536866657107,0.5210766539711172,0.5518785422346028
p8_seed13,data/raw/p8_seed13.jpg,79.02860045433044,16.231675740196366,0.6591085679804756,84.8975658416748,79.4563915678715,0.6671481505946509,73.34979772567749,52.14296295927919,0.47278966290123675,0.5996821271587877
p8_seed16,data/raw/p8_seed16.jpg,83.59380960464478,79.6605420239169,0.733316332766524,92.3819899559021,58.34807028628039,0.839232242356534,78.12537550926208,44.70612056051344,0.5672630161316863,0.7132705304182481
p8_seed18,data/raw/p8_seed18.jpg,72.02309966087341,55.1057857713224,0.5452337074927496,78.68868112564087,64.65274240767039,0.5243916377479381,57.32309222221375,41.77980560298288,0.15573973119378526,0.40845502547815765
p8_seed24,data/raw/p8_seed24.jpg,86.74851655960083,54.1808231611754,0.7845962947516547,86.58827543258667,70.47363850965344,0.7060214453124251,72.38128185272217,61.41966785757161,0.453629899136207,0.6480825464000955
p8_seed3,data/raw/p8_seed3.jpg,72.53727912902832,65.426812417676,0.5535917274156763,71.74831628799438,63.80924797551717,0.36481671770670404,81.88871145248413,69.1111362373553,0.6417115921994799,0.52004001244062
p8_seed7,data/raw/p8_seed7.jpg,88.06322813034058,80.31339047265699,0.8059670148634012,75.92795491218567,71.32824043429147,0.4609162045288909,85.15312075614929,30.73659105128198,0.7062901012741319,0.6577244402221414
p9_seed0,data/raw/p9_seed0.jpg,90.7371997833252,61.45236307281297,0.8494325939717715,77.74180173873901,53.76919611445279,0.5026207069700692,77.35154032707214,68.69499089516415,0.5519545429328045,0.6346692812915484
p9_seed10,data/raw/p9_seed10.jpg,84.2195987701416,70.44421200023567,0.7434885754107955,84.11716818809509,82.32584286097695,0.649205017044257,78.0544638633728,49.8827568487177,0.5658601992844183,0.652851263913157
p9_seed20,data/raw/p9_seed20.jpg,99.3797779083252,23.38998082487559,0.989918250494406,70.63717842102051,55.66113677928386,0.33926910739732,74.77023005485535,45.631709196767545,0.5008895099261643,0.6100256226059634
p9_seed27,data/raw/p9_seed27.jpg,78.17440629005432,74.98603828346792,0.6452235875694788,80.46078681945801,29.774127266154164,0.5651364157258316,73.48664402961731,65.12948072107588,0.4754968388276404,0.5619522807076502
p9_seed28,data/raw/p9_seed28.jpg,90.38580656051636,76.574380145291,0.8437206748094667,81.6541075706482,79.4079736229925,0.5925735992038248,84.79599952697754,48.814525855496825,0.6992253142350418,0.7118398627494443
p9_seed3,data/raw/p9_seed3.jpg,96.8187689781189,88.17336098920772,0.9482888876218127,85.29870510101318,58.925236694736164,0.6763712630291882,82.69171118736267,62.171500036579275,0.6575970161282668,0.7607523889264226
